Monitored,New,Warning,Predictive,SensorID,Temperature,Conductivity,Ozone,Flow,ComboI,OzoneID,FlowID,ConductivityID,TemperatureID,Location,Batch,Plant
Temperature,8,9,20,1,31,135.82,1.14,3.43,4.9,0,0,8015,8009,Ctrl RM 20,Dosing Station,Tokyo
Conductivity,7,10,11,2,26.32,105.38,1.04,2.4,4,0,0,0,0,Ctrl RM 44,Treated Water,Tokyo
Ozone,9,11,20,3,24.5,107.79,0.19,6,4.4,0,0,0,0,Ctrl RM 42,Phosphoric Acid,Tokyo
Flow,5,10,6,4,22.92,121.12,0.57,5.4,5.28,0,0,0,0,Ctrl RM 21,Particulate Remover,Tokyo
Combo I,3,11,12,5,21.13,105.42,1.1,3.48,4.99,0,0,0,0,Ctrl RM 6,Batch Tank,Tokyo
,,,,6,25.11,111.85,0.87,4.76,4.45,0,0,0,0,Ctrl RM 45,Carbonator,Tokyo
,,,,7,23.39,107.2,0.77,6,4.58,0,0,0,0,Ctrl RM 22,Particulate Remover,Tokyo
,,,,8,22.81,83.4,0.3,5.96,3.66,0,0,0,0,Ctrl RM 5,Phosphoric Acid,Tokyo
,,,,9,21.36,111.6,0.94,2.11,5.22,0,0,0,0,Ctrl RM 6,Carbon filter,Tokyo
,,,,10,23.61,84.88,0.89,5.89,3.6,0,0,0,0,Ctrl RM 34,Phosphoric Acid,Tokyo
,,,,11,22.53,107.12,0.39,1.18,4.75,0,0,0,0,Ctrl RM 34,Sterilization,Tokyo
,,,,12,21.08,86.99,1.02,1.99,4.13,0,0,0,0,Ctrl RM 25,Treated Water,Tokyo
,,,,13,24.46,199,0.79,2.33,4.3,0,0,8017,0,Ctrl RM 10,Carbon filter,Tokyo
,,,,14,21.81,81.56,1.1,4.87,3.74,0,0,0,0,Ctrl RM 30,Unfiltered Water,Tokyo
,,,,15,24.36,109.75,0.98,3.37,4.51,0,0,0,0,Ctrl RM 32,Treated Water,Tokyo
,,,,16,22.2,96.55,0.01,5.01,4.35,0,0,0,0,Ctrl RM 10,Concentrate,Tokyo
,,,,17,21.18,121.02,0.92,7,5.71,0,8029,0,0,Ctrl RM 36,Phosphoric Acid,Tokyo
,,,,18,23.73,97.45,0.83,4.07,4.11,0,0,0,0,Ctrl RM 3,Batch Tank,Tokyo
,,,,19,23.12,119.64,0.64,5.71,5.18,0,0,0,0,Ctrl RM 7,Treated Water,Tokyo
,,,,20,22.63,102.84,0.36,4.15,4.54,0,0,0,0,Ctrl RM 17,Treated Water,Tokyo
,,,,21,20.59,115.38,0.8,5.81,5.6,0,0,0,0,Ctrl RM 15,Phosphoric Acid,Tokyo
,,,,22,22.29,86.01,0.42,5.69,3.86,0,0,0,0,Ctrl RM 4,Sterilization,Tokyo
,,,,23,20.98,107.84,0.6,1.14,5.14,0,0,0,0,Ctrl RM 8,Treated Water,Tokyo
,,,,24,25.56,111.07,0.3,5.07,4.35,0,0,0,0,Ctrl RM 3,Carbon filter,Tokyo
,,,,25,24.6,92.48,0.32,2.55,3.76,0,0,0,0,Ctrl RM 19,Chlorine,Tokyo
,,,,26,21.39,93.89,0.41,2.61,4.39,0,0,0,0,Ctrl RM 15,Mixing Tank,Tokyo
,,,,27,25.11,95.21,0.43,4.13,3.79,0,0,0,0,Ctrl RM 43,Flavour,Tokyo
,,,,28,23.79,85.87,0.12,1.69,3.61,0,0,0,0,Ctrl RM 1,Particulate Remover,Tokyo
,,,,29,32,101.83,0.63,2.7,4.12,0,0,0,8011,Ctrl RM 8,Sugar Syrup,Tokyo
,,,,30,26.1,84.18,0.99,1.64,3.23,0,0,0,0,Ctrl RM 42,Treated Water,Tokyo
,,,,31,20.36,91.22,0.45,3.44,4.48,0,0,0,0,Ctrl RM 13,Phosphoric Acid,Tokyo
,,,,32,24.73,107.12,0.08,1.17,4.33,0,0,0,0,Ctrl RM 44,Flavour,Tokyo
,,,,33,24.23,83.62,0.85,1.49,3.45,0,0,0,0,Ctrl RM 6,Batch Tank,Tokyo
,,,,34,21.14,108.64,0.17,1.63,5.14,0,0,0,0,Ctrl RM 39,Flavour,Tokyo
,,,,35,25.92,93.81,0.75,2.39,3.62,0,0,0,0,Ctrl RM 21,Carbonator,Tokyo
,,,,36,21.8,111.15,0.76,3.46,5.1,0,0,0,0,Ctrl RM 30,Concentrate,Tokyo
,,,,37,20.93,120.75,0.46,2.83,5.77,0,0,0,0,Ctrl RM 1,Flavour,Tokyo
,,,,38,25.7,104.29,0.08,4.06,4.06,0,0,0,0,Ctrl RM 31,Sugar Syrup,Tokyo
,,,,39,22.07,115.44,0.15,5.85,5.23,0,0,0,0,Ctrl RM 31,Sugar Syrup,Tokyo
,,,,40,24.7,99.89,0.97,3.68,4.04,0,0,0,0,Ctrl RM 41,Carbon filter,Tokyo
,,,,41,20.96,114.86,0.7,3.77,5.48,0,0,0,0,Ctrl RM 34,Treated Water,Tokyo
,,,,42,21.49,103.7,0.54,4.99,4.83,0,0,0,0,Ctrl RM 22,Concentrate,Tokyo
,,,,43,24.38,87.79,0.4,1.83,3.6,0,0,0,0,Ctrl RM 40,Sugar Syrup,Tokyo
,,,,44,22.31,99.64,0.19,4.3,4.47,0,0,0,0,Ctrl RM 28,Treated Water,Tokyo
,,,,45,20.57,110.63,0.81,5.19,5.38,0,0,0,0,Ctrl RM 19,Unfiltered Water,Tokyo
,,,,46,23.16,110.37,0.21,5.23,4.76,0,0,0,0,Ctrl RM 39,Concentrate,Tokyo
,,,,47,25.14,95.37,0.96,2.46,3.79,0,0,0,0,Ctrl RM 43,Dosing Station,Tokyo
,,,,48,23.56,89.1,0.24,3.52,3.78,0,0,0,0,Ctrl RM 11,Mixing Tank,Tokyo
,,,,49,23.89,110.22,0.36,2.4,4.61,0,0,0,0,Ctrl RM 44,Phosphoric Acid,Tokyo
,,,,50,22.08,106.31,0.78,2.49,4.81,0,0,0,0,Ctrl RM 24,Treated Water,Tokyo
,,,,51,24.21,107.17,0.85,2.54,4.43,0,0,0,0,Ctrl RM 41,Chlorine,Tokyo
,,,,52,24.27,93.07,0.82,5.36,3.83,0,0,0,0,Ctrl RM 44,Sterilization,Tokyo
,,,,53,23.1,80.34,0.56,4.22,3.48,0,0,0,0,Ctrl RM 34,Phosphoric Acid,Tokyo
,,,,54,24.88,93.18,0.83,2.66,3.75,0,0,0,0,Ctrl RM 45,Phosphoric Acid,Tokyo
,,,,55,25.97,112.72,0.19,4.88,4.34,0,0,0,0,Ctrl RM 34,Particulate Remover,Tokyo
,,,,56,21.4,80.89,0.77,4.22,3.78,0,0,0,0,Ctrl RM 18,Treated Water,Tokyo
,,,,57,24.24,83.72,0.6,5.87,3.45,0,0,0,0,Ctrl RM 39,Treated Water,Tokyo
,,,,58,23.6,110.65,0.14,5.44,4.69,0,0,0,0,Ctrl RM 23,Sugar Syrup,Tokyo
,,,,59,22.13,83.59,0.35,3.03,3.78,0,0,0,0,Ctrl RM 12,Batch Tank,Tokyo
,,,,60,22.3,120.83,0.89,2.5,5.42,0,0,0,0,Ctrl RM 2,Concentrate,Tokyo
,,,,61,24.51,108.04,0.89,3.24,4.41,0,0,0,0,Ctrl RM 35,Carbon filter,Tokyo
,,,,62,22.46,100.86,0.35,2.04,4.49,0,0,0,0,Ctrl RM 15,Treated Water,Tokyo
,,,,63,22.73,112.03,0.78,4.2,4.93,0,0,0,0,Ctrl RM 7,Batch Tank,Tokyo
,,,,64,22.6,92.73,0.76,4.04,4.1,0,0,0,0,Ctrl RM 18,Flavour,Tokyo
,,,,65,23.59,81.96,0.15,5.11,3.48,0,0,0,0,Ctrl RM 35,Sugar Syrup,Tokyo
,,,,66,25.21,87.66,0.51,4.66,3.48,0,0,0,0,Ctrl RM 40,Sterilization,Tokyo
,,,,67,25.39,120.4,1.2,5.91,4.74,8023,0,0,0,Ctrl RM 5,Batch Tank,Tokyo
,,,,68,25.84,90.88,0.98,4.36,3.52,0,0,0,0,Ctrl RM 21,Treated Water,Tokyo
,,,,69,25.77,118.79,0.43,4.51,4.61,0,0,0,0,Ctrl RM 22,Sterilization,Tokyo
,,,,70,22.36,85.25,0.47,3.02,3.81,0,0,0,0,Ctrl RM 31,Treated Water,Tokyo
,,,,71,23.56,87.23,0.76,2.22,3.7,0,0,0,0,Ctrl RM 3,Chlorine,Tokyo
,,,,72,25.81,91.72,0.87,1.67,3.55,0,0,0,0,Ctrl RM 3,Batch Tank,Tokyo
,,,,73,20.35,110.27,0.54,5.04,5.42,0,0,0,0,Ctrl RM 12,Phosphoric Acid,Tokyo
,,,,74,24.53,84.51,0.63,4.72,3.45,0,0,0,0,Ctrl RM 2,Concentrate,Tokyo
,,,,75,20.45,97.62,0.62,1.39,4.77,0,0,0,0,Ctrl RM 38,Treated Water,Tokyo
,,,,76,24.83,91.27,0.16,5.16,3.68,0,0,0,0,Ctrl RM 22,Treated Water,Tokyo
,,,,77,21.5,99.02,0.02,4.5,4.6,0,0,0,0,Ctrl RM 45,Sugar Syrup,Tokyo
,,,,78,25.68,107.22,0.64,3.16,4.18,0,0,0,0,Ctrl RM 19,Treated Water,Tokyo
,,,,79,23.25,111.93,0.97,2.78,4.81,0,0,0,0,Ctrl RM 6,Carbonator,Tokyo
,,,,80,24.56,120.87,0.39,4.71,4.92,0,0,0,0,Ctrl RM 36,Mixing Tank,Tokyo
,,,,81,25.2,98.45,0.19,3.68,3.91,0,0,0,0,Ctrl RM 42,Concentrate,Tokyo
,,,,82,25.75,96.25,0.5,5.76,3.74,0,0,0,0,Ctrl RM 35,Sterilization,Tokyo
,,,,83,24.98,80.78,0.83,4.47,3.23,0,0,0,0,Ctrl RM 44,Phosphoric Acid,Tokyo
,,,,84,20.12,115.52,0.52,3.89,5.74,0,0,0,0,Ctrl RM 24,Treated Water,Tokyo
,,,,85,22.66,109.85,0.75,4.19,4.85,0,0,0,0,Ctrl RM 28,Treated Water,Tokyo
,,,,86,22.5,111.32,0.58,4.67,4.95,0,0,0,0,Ctrl RM 39,Dosing Station,Tokyo
,,,,87,23.04,120.79,0.8,5.44,5.24,0,0,0,0,Ctrl RM 31,Dosing Station,Tokyo
,,,,88,22.89,110.3,0.93,4.29,4.82,0,0,0,0,Ctrl RM 12,Sugar Syrup,Tokyo
,,,,89,21.83,91.69,1,4.49,4.2,0,0,0,0,Ctrl RM 45,Dosing Station,Tokyo
,,,,90,21.89,97.45,0.35,1.18,4.45,0,0,0,0,Ctrl RM 34,Sugar Syrup,Tokyo
,,,,91,24.85,87.22,0.67,1.79,3.51,0,0,0,0,Ctrl RM 34,Mixing Tank,Tokyo
,,,,92,22.46,90.92,0.63,1.23,4.05,0,0,0,0,Ctrl RM 23,Phosphoric Acid,Tokyo
,,,,93,21,91.28,0.65,4.22,4.35,0,0,0,0,Ctrl RM 18,Carbonator,Tokyo
,,,,94,25.67,114.44,0.22,5.88,4.46,0,0,0,0,Ctrl RM 9,Concentrate,Tokyo
,,,,95,25.12,91.06,0.01,1.04,3.63,0,0,0,0,Ctrl RM 34,Sugar Syrup,Tokyo
,,,,96,23.62,119.31,0.86,4.05,5.05,0,0,0,0,Ctrl RM 29,Carbon filter,Tokyo
,,,,97,23.82,99.51,0.32,5.17,4.18,0,0,0,0,Ctrl RM 43,Chlorine,Tokyo
,,,,98,23.4,89.55,0.67,4.03,3.83,0,0,0,0,Ctrl RM 26,Sterilization,Tokyo
,,,,99,20.42,114.74,1,2.37,5.62,0,0,0,0,Ctrl RM 6,Sterilization,Tokyo
,,,,100,25.74,95.44,0.42,3.68,3.71,0,0,0,0,Ctrl RM 9,Treated Water,Tokyo
,,,,101,25.01,118.59,0.15,1.18,4.74,0,0,0,0,Ctrl RM 19,Flavour,Tokyo
,,,,102,25.07,104.74,0.48,7.99,4.18,0,8031,0,0,Ctrl RM 8,Carbonator,Tokyo
,,,,103,20.88,85.73,0.85,5.5,4.1,0,0,0,0,Ctrl RM 15,Carbon filter,Tokyo
,,,,104,24.11,115.7,0.75,4.74,4.8,0,0,0,0,Ctrl RM 22,Mixing Tank,Tokyo
,,,,105,25.21,87.95,0.12,1.41,3.49,0,0,0,0,Ctrl RM 32,Treated Water,Tokyo
,,,,106,25.72,108.4,0.66,1.76,4.22,0,0,0,0,Ctrl RM 22,Sterilization,Tokyo
,,,,107,25.13,89.05,0.11,4.19,3.54,0,0,0,0,Ctrl RM 15,Chlorine,Tokyo
,,,,108,20.73,120.86,0.45,5.44,5.83,0,0,0,0,Ctrl RM 12,Sterilization,Tokyo
,,,,109,20.59,104.96,0.19,5.7,5.1,0,0,0,0,Ctrl RM 19,Chlorine,Tokyo
,,,,110,22.36,80.36,0.19,8,3.59,0,8033,0,0,Ctrl RM 3,Sterilization,Tokyo
,,,,111,24.68,92.95,0.95,4.03,3.77,0,0,0,0,Ctrl RM 16,Phosphoric Acid,Tokyo
,,,,112,20.15,115.5,0.86,5.21,5.73,0,0,0,0,Ctrl RM 38,Concentrate,Tokyo
,,,,113,23.67,109.24,0.43,5.63,4.62,0,0,0,0,Ctrl RM 14,Concentrate,Tokyo
,,,,114,20.1,110.25,0.29,5.95,5.48,0,0,0,0,Ctrl RM 12,Chlorine,Tokyo
,,,,115,23.97,99.35,0.07,2.28,4.15,0,0,0,0,Ctrl RM 13,Sterilization,Tokyo
,,,,116,23.33,118.15,0.87,3.29,5.06,0,0,0,0,Ctrl RM 25,Concentrate,Tokyo
,,,,117,23.41,120.31,0.91,4.72,5.14,0,0,0,0,Ctrl RM 22,Sterilization,Tokyo
,,,,118,25.78,99.06,0.2,2.74,3.84,0,0,0,0,Ctrl RM 45,Chlorine,Tokyo
,,,,119,20.68,106.5,0.89,1.51,5.15,0,0,0,0,Ctrl RM 33,Concentrate,Tokyo
,,,,120,23.14,102.64,0.61,5,4.43,0,0,0,0,Ctrl RM 14,Concentrate,Tokyo
,,,,121,22.71,90.64,0.69,5.05,3.99,0,0,0,0,Ctrl RM 4,Sterilization,Tokyo
,,,,122,23.86,121.13,0.53,5.4,5.08,0,0,0,0,Ctrl RM 19,Mixing Tank,Tokyo
,,,,123,23.65,92.38,0.59,1.38,3.91,0,0,0,0,Ctrl RM 6,Phosphoric Acid,Tokyo
,,,,124,24.17,101.68,0.26,3.64,4.21,0,0,0,0,Ctrl RM 31,Phosphoric Acid,Tokyo
,,,,125,23.17,118.3,0.31,1.76,5.11,0,0,0,0,Ctrl RM 9,Sterilization,Tokyo
,,,,126,20.81,120.41,0.13,1.27,5.78,0,0,0,0,Ctrl RM 24,Treated Water,Tokyo
,,,,127,24.66,99.02,0.95,1.17,4.01,0,0,0,0,Ctrl RM 27,Chlorine,Tokyo
,,,,128,24.12,99.18,0.68,1.02,4.11,0,0,0,0,Ctrl RM 17,Sterilization,Tokyo
,,,,129,20.24,102.45,1.2,4.57,5.06,8025,0,0,0,Ctrl RM 26,Batch Tank,Tokyo
,,,,130,21.75,115.48,0.98,3.36,5.31,0,0,0,0,Ctrl RM 25,Flavour,Tokyo
,,,,131,22.34,110.67,0.27,1.26,4.95,0,0,0,0,Ctrl RM 36,Carbon filter,Tokyo
,,,,132,23.57,105.7,0.73,1.96,4.49,0,0,0,0,Ctrl RM 29,Phosphoric Acid,Tokyo
,,,,133,23.3,118.83,0.38,1.54,5.1,0,0,0,0,Ctrl RM 16,Chlorine,Tokyo
,,,,134,21.72,115.93,0.38,4.69,5.34,0,0,0,0,Ctrl RM 38,Carbonator,Tokyo
,,,,135,25.52,96.38,0.24,4.41,3.78,0,0,0,0,Ctrl RM 14,Batch Tank,Tokyo
,,,,136,24.61,113.89,0.14,2.37,4.63,0,0,0,8013,Ctrl RM 31,Treated Water,Tokyo
,,,,137,30,117.13,0.93,3.23,5.69,0,0,0,0,Ctrl RM 12,Concentrate,Tokyo
,,,,138,22.55,114.55,0.4,4.17,5.29,0,0,0,0,Ctrl RM 17,Batch Tank,Tokyo
,,,,139,21.32,105.94,0.65,2.73,4.97,0,0,0,0,Ctrl RM 36,Phosphoric Acid,Tokyo
,,,,140,20.29,119.98,0.33,1.66,5.91,0,0,0,0,Ctrl RM 17,Carbon filter,Tokyo
,,,,141,25.42,80.25,0.42,3.31,3.16,0,0,0,0,Ctrl RM 16,Sugar Syrup,Tokyo
,,,,142,25.57,91.84,0.12,2.92,3.59,0,0,0,0,Ctrl RM 32,Dosing Station,Tokyo
,,,,143,24.63,99.6,0.52,3.69,4.04,0,0,0,0,Ctrl RM 14,Phosphoric Acid,Tokyo
,,,,144,20.3,97.46,0.62,3.93,4.8,0,0,0,0,Ctrl RM 1,Dosing Station,Tokyo
,,,,145,22.16,92.01,0.69,3.32,4.15,0,0,0,0,Ctrl RM 19,Carbon filter,Tokyo
,,,,146,24.58,97.78,0.26,3.16,3.98,0,0,0,0,Ctrl RM 15,Sterilization,Tokyo
,,,,147,24.46,111.85,0.02,4.64,4.57,0,0,0,0,Ctrl RM 14,Treated Water,Tokyo
,,,,148,24.52,103.55,0.81,3.51,4.22,0,0,0,0,Ctrl RM 19,Treated Water,Tokyo
,,,,149,20.94,93.49,0.83,4.58,4.47,0,0,0,0,Ctrl RM 27,Batch Tank,Tokyo
,,,,150,23.48,102.47,0.78,1.96,4.36,0,0,0,0,Ctrl RM 10,Phosphoric Acid,Tokyo
,,,,151,25.67,105.62,0.06,4.01,4.12,0,0,0,0,Ctrl RM 20,Sugar Syrup,Tokyo
,,,,152,23.56,119.12,0.78,3.72,5.06,0,0,0,0,Ctrl RM 22,Sterilization,Tokyo
,,,,153,23.65,85.18,0.75,2.21,3.6,0,0,0,0,Ctrl RM 22,Sterilization,Tokyo
,,,,154,23.07,118.33,0.69,4.48,5.13,0,0,0,0,Ctrl RM 42,Sugar Syrup,Tokyo
,,,,155,23.28,100.76,0.04,5.98,4.33,0,0,0,0,Ctrl RM 44,Mixing Tank,Tokyo
,,,,156,24.57,121.24,0.56,1.3,4.93,0,0,0,0,Ctrl RM 25,Unfiltered Water,Tokyo
,,,,157,22.06,115.62,0.17,3.26,5.24,0,0,0,0,Ctrl RM 28,Phosphoric Acid,Tokyo
,,,,158,25.15,116.49,0.65,3.5,4.63,0,0,0,0,Ctrl RM 6,Sterilization,Tokyo
,,,,159,23.13,93.68,0.92,2.25,4.05,0,0,0,0,Ctrl RM 20,Sterilization,Tokyo
,,,,160,21.89,90.28,0.76,2.08,4.13,0,0,0,0,Ctrl RM 3,Batch Tank,Tokyo
,,,,161,25.46,117.25,0.52,2.3,4.61,0,0,0,0,Ctrl RM 35,Phosphoric Acid,Tokyo
,,,,162,22.25,85.51,0.18,1.35,3.84,0,0,0,0,Ctrl RM 32,Treated Water,Tokyo
,,,,163,25.41,100.76,0.41,1.56,3.96,0,0,0,0,Ctrl RM 6,Sugar Syrup,Tokyo
,,,,164,23.4,85.47,0.25,4.52,3.65,0,0,0,0,Ctrl RM 15,Batch Tank,Tokyo
,,,,165,20.82,100.43,0.18,1.26,4.82,0,0,0,0,Ctrl RM 13,Dosing Station,Tokyo
,,,,166,24.01,87.45,0.77,1.47,3.64,0,0,0,0,Ctrl RM 30,Flavour,Tokyo
,,,,167,22.19,101.22,0.21,1.51,4.56,0,0,0,0,Ctrl RM 7,Particulate Remover,Tokyo
,,,,168,24.59,90.99,0.24,4.81,3.7,0,0,0,0,Ctrl RM 45,Treated Water,Tokyo
,,,,169,20.34,102.13,0.45,4.04,5.02,0,0,0,0,Ctrl RM 4,Treated Water,Tokyo
,,,,170,25.8,91.27,0.28,1.69,3.54,0,0,0,0,Ctrl RM 2,Carbon filter,Tokyo
,,,,171,22.52,119.8,0.88,5.89,5.32,0,0,0,0,Ctrl RM 18,Flavour,Tokyo
,,,,172,23.51,83.55,0.52,3.3,3.55,0,0,0,0,Ctrl RM 26,Carbonator,Tokyo
,,,,173,20.78,84.29,0.08,4.86,4.06,0,0,0,0,Ctrl RM 10,Carbon filter,Tokyo
,,,,174,25.84,111.84,0.76,5.86,4.33,0,0,0,0,Ctrl RM 30,Treated Water,Tokyo
,,,,175,20.15,96.92,0.26,1.67,4.81,0,0,0,0,Ctrl RM 27,Treated Water,Tokyo
,,,,176,23.44,92.66,0.56,3.36,3.95,0,0,0,0,Ctrl RM 9,Treated Water,Tokyo
,,,,177,24.75,97.98,0.56,5.02,3.96,0,0,0,0,Ctrl RM 10,Phosphoric Acid,Tokyo
,,,,178,20.72,91.04,0.46,4.08,4.39,0,0,0,0,Ctrl RM 26,Batch Tank,Tokyo
,,,,179,25.82,93.55,0.8,5.41,3.62,0,0,0,0,Ctrl RM 38,Phosphoric Acid,Tokyo
,,,,180,20.06,86,1.3,1.08,4.29,8027,0,0,0,Ctrl RM 27,Sugar Syrup,Tokyo
,,,,181,24.68,85.1,0.27,5.44,3.45,0,0,0,0,Ctrl RM 37,Sterilization,Tokyo
,,,,182,20.63,120.58,0.86,4.73,5.85,0,0,0,0,Ctrl RM 13,Batch Tank,Tokyo
,,,,183,23.53,105.75,0.48,5.53,4.49,0,0,0,0,Ctrl RM 44,Batch Tank,Tokyo
,,,,184,21.48,103.9,0.14,4.71,4.84,0,0,0,0,Ctrl RM 16,Chlorine,Tokyo
,,,,185,24.56,105.75,0.82,5.62,4.31,0,0,0,0,Ctrl RM 7,Treated Water,Tokyo
,,,,186,20.91,104.38,0.3,3.53,4.99,0,0,0,0,Ctrl RM 3,Batch Tank,Tokyo
,,,,187,25.74,99.38,0.29,3.44,3.86,0,0,0,0,Ctrl RM 3,Phosphoric Acid,Tokyo
,,,,188,22.91,109.29,0.63,4.21,4.77,0,0,0,0,Ctrl RM 8,Chlorine,Tokyo
,,,,189,24.56,104.24,0.41,2.29,4.24,0,0,0,0,Ctrl RM 40,Unfiltered Water,Tokyo
,,,,190,25.34,106.86,0.29,2.71,4.22,0,0,0,0,Ctrl RM 44,Carbon filter,Tokyo
,,,,191,22.5,96.39,0.2,5.79,4.28,0,0,0,0,Ctrl RM 22,Sugar Syrup,Tokyo
,,,,192,25.1,96.21,0.33,4.64,3.83,0,0,0,0,Ctrl RM 40,Unfiltered Water,Tokyo
,,,,193,21.62,86.14,0.25,1.23,3.98,0,0,0,0,Ctrl RM 31,Sterilization,Tokyo
,,,,194,23.5,113.11,0.11,5.13,4.81,0,0,0,0,Ctrl RM 9,Chlorine,Tokyo
,,,,195,25.13,111.77,0.79,5.65,4.45,0,0,0,0,Ctrl RM 33,Treated Water,Tokyo
,,,,196,25.24,108.05,0.77,2.13,4.28,0,0,0,0,Ctrl RM 18,Carbon filter,Tokyo
,,,,197,25.52,107,0.23,3.9,4.19,0,0,0,0,Ctrl RM 6,Treated Water,Tokyo
,,,,198,22.57,101.79,0.89,5.58,4.51,0,0,0,0,Ctrl RM 16,Sterilization,Tokyo
,,,,199,22.68,120.02,0.66,1.34,5.29,0,0,0,0,Ctrl RM 1,Phosphoric Acid,Tokyo
,,,,200,25.97,111.94,0.45,3.79,4.31,0,0,0,0,Ctrl RM 42,Treated Water,Tokyo
,,,,201,25.34,93.91,0.9,2.93,3.71,0,0,0,0,Ctrl RM 42,Dosing Station,Tokyo
,,,,202,24.69,119.22,0.1,1.81,4.83,0,0,0,0,Ctrl RM 10,Concentrate,Tokyo
,,,,203,24,88.97,0.49,5.84,3.71,0,0,0,0,Ctrl RM 2,Treated Water,Tokyo
,,,,204,22.93,115.12,0.43,5.18,5.02,0,0,0,0,Ctrl RM 30,Particulate Remover,Tokyo
,,,,205,23.57,97.11,0.02,1.48,4.12,0,0,0,0,Ctrl RM 40,Chlorine,Tokyo
,,,,206,20.32,89.55,0.21,3.26,4.41,0,0,0,0,Ctrl RM 25,Sterilization,Tokyo
,,,,207,21.94,120.63,0.57,3.94,5.5,0,0,0,0,Ctrl RM 20,Particulate Remover,Tokyo
,,,,208,21.14,106.13,0.67,1.38,5.02,0,0,0,0,Ctrl RM 37,Concentrate,Tokyo
,,,,209,25.46,102.06,0.32,5.53,4.01,0,0,0,0,Ctrl RM 7,Dosing Station,Tokyo
,,,,210,25.78,111.65,0.9,4.13,4.33,0,0,0,0,Ctrl RM 15,Carbonator,Tokyo
,,,,211,24.16,82.95,0.22,1.94,3.43,0,0,0,0,Ctrl RM 43,Treated Water,Tokyo
,,,,212,24,107.5,0.27,1.39,4.48,0,0,0,0,Ctrl RM 40,Carbonator,Tokyo
,,,,213,22.38,97.28,0.43,3.81,4.35,0,0,0,0,Ctrl RM 35,Carbon filter,Tokyo
,,,,214,23.5,104.8,0.35,5.82,4.46,0,0,0,0,Ctrl RM 24,Dosing Station,Tokyo
,,,,215,25.69,95.67,0.43,2.5,3.72,0,0,0,0,Ctrl RM 25,Sugar Syrup,Tokyo
,,,,216,23.63,85.18,0.65,1.45,3.6,0,0,0,0,Ctrl RM 2,Dosing Station,Tokyo
,,,,217,23.48,107.25,0.51,2.07,4.57,0,0,0,0,Ctrl RM 18,Flavour,Tokyo
,,,,218,20.61,119.29,0.41,3.6,5.79,0,0,0,0,Ctrl RM 29,Concentrate,Tokyo
,,,,219,24.54,94.39,0.64,3.14,3.85,0,0,0,0,Ctrl RM 28,Carbon filter,Tokyo
,,,,220,20.25,106.04,0.97,2.91,5.24,0,0,0,0,Ctrl RM 32,Batch Tank,Tokyo
,,,,221,20.88,102.7,0.94,5.12,4.92,0,0,0,0,Ctrl RM 40,Concentrate,Tokyo
,,,,222,23.36,90.91,0.03,3.1,3.89,0,0,0,0,Ctrl RM 14,Sterilization,Tokyo
,,,,223,21.14,97.94,0.53,5.75,4.63,0,0,0,0,Ctrl RM 9,Particulate Remover,Tokyo
,,,,224,23.14,87.36,0.74,4.67,3.78,0,0,0,0,Ctrl RM 26,Carbon filter,Tokyo
,,,,225,25.03,91.34,0.1,3.72,3.65,0,0,0,0,Ctrl RM 20,Sterilization,Tokyo
,,,,226,21.6,91.21,0.8,4.27,4.22,0,0,0,0,Ctrl RM 17,Batch Tank,Tokyo
,,,,227,20.89,84.35,0.93,1.39,4.04,0,0,0,0,Ctrl RM 30,Concentrate,Tokyo
,,,,228,21.74,101.5,0.75,4.5,4.67,0,0,0,0,Ctrl RM 25,Sterilization,Tokyo
,,,,229,25.65,82.31,0.47,4.54,3.21,0,0,0,0,Ctrl RM 6,Mixing Tank,Tokyo
,,,,230,24.74,94.19,0.91,1.33,3.81,0,0,0,0,Ctrl RM 12,Carbon filter,Tokyo
,,,,231,22.75,84.63,0.85,4.1,3.72,0,0,0,0,Ctrl RM 34,Batch Tank,Tokyo
,,,,232,21.43,94.37,0.49,2.72,4.4,0,0,0,0,Ctrl RM 18,Particulate Remover,Tokyo
,,,,233,20.91,119,0.42,4.02,5.69,0,0,0,0,Ctrl RM 28,Treated Water,Tokyo
,,,,234,20.88,115.58,0.52,2.4,5.54,0,0,0,0,Ctrl RM 14,Flavour,Tokyo
,,,,235,22.22,210,0.03,5.14,4.73,0,0,8019,0,Ctrl RM 8,Chlorine,Tokyo
,,,,236,22.07,107.68,0.8,3.44,4.88,0,0,0,0,Ctrl RM 40,Unfiltered Water,Tokyo
,,,,237,20.29,95.44,0.03,4.06,4.7,0,0,0,0,Ctrl RM 44,Carbon filter,Tokyo
,,,,238,20.19,111.77,0.01,5.4,5.54,0,0,0,0,Ctrl RM 22,Sugar Syrup,Tokyo
,,,,239,20.19,87.21,0.58,2.18,4.32,0,0,0,0,Ctrl RM 40,Unfiltered Water,Tokyo
,,,,240,21.96,105.12,0.43,1.28,4.79,0,0,0,0,Ctrl RM 31,Sterilization,Tokyo
,,,,241,23.5,108.86,0.83,3.82,4.63,0,0,0,0,Ctrl RM 9,Chlorine,Tokyo
,,,,242,20.47,108.99,0.23,1.11,5.32,0,0,0,0,Ctrl RM 33,Treated Water,Tokyo
,,,,243,21.14,89.6,0.75,1.68,4.24,0,0,0,0,Ctrl RM 18,Carbon filter,Tokyo
,,,,244,25.03,105.58,0.62,5.41,4.22,0,0,0,0,Ctrl RM 6,Treated Water,Tokyo
,,,,245,23.06,89.18,0.68,4.01,3.87,0,0,0,0,Ctrl RM 16,Sterilization,Tokyo
,,,,246,22.64,84.96,0.41,3.98,3.75,0,0,0,0,Ctrl RM 1,Phosphoric Acid,Tokyo
,,,,247,21.92,105.78,0.57,2.84,4.83,0,0,0,0,Ctrl RM 42,Treated Water,Tokyo
,,,,248,20.86,113.15,1,2.79,5.42,0,0,0,0,Ctrl RM 42,Dosing Station,Tokyo
,,,,249,25.47,87.93,0.51,1.85,3.45,0,0,0,0,Ctrl RM 10,Concentrate,Tokyo
,,,,250,20.2,89.51,0.4,3.98,4.43,0,0,0,0,Ctrl RM 2,Treated Water,Tokyo
,,,,251,25.01,84.54,0.4,2.94,3.38,0,0,0,0,Ctrl RM 30,Particulate Remover,Tokyo
,,,,252,21.42,117.83,0.88,4.37,5.5,0,0,0,0,Ctrl RM 40,Chlorine,Tokyo
,,,,253,21.93,81.75,1,2.87,3.73,0,0,0,0,Ctrl RM 25,Sterilization,Tokyo
,,,,254,23.11,151,0.65,4.05,3.55,0,0,8021,0,Ctrl RM 20,Particulate Remover,Tokyo
,,,,255,20.46,87,0.67,2.08,4.25,0,0,0,0,Ctrl RM 37,Concentrate,Tokyo
,,,,256,25.13,95.25,0.51,4.8,3.79,0,0,0,0,Ctrl RM 7,Dosing Station,Tokyo
,,,,257,23.52,112.09,0.43,5.54,4.77,0,0,0,0,Ctrl RM 15,Carbonator,Tokyo
,,,,258,21.81,117.15,0.62,2.23,5.37,0,0,0,0,Ctrl RM 43,Treated Water,Tokyo
,,,,259,21.87,116.83,0.35,5.58,5.34,0,0,0,0,Ctrl RM 40,Carbonator,Tokyo
,,,,260,21.75,97.41,0.89,2.35,4.48,0,0,0,0,Ctrl RM 35,Carbon filter,Tokyo
,,,,261,23.05,104.39,0.3,5.39,4.53,0,0,0,0,Ctrl RM 24,Dosing Station,Tokyo
,,,,262,22.08,111.48,0.47,2.12,5.05,0,0,0,0,Ctrl RM 25,Sugar Syrup,Tokyo
,,,,263,25.67,93.06,0.26,3.88,3.63,0,0,0,0,Ctrl RM 2,Dosing Station,Tokyo
,,,,264,23.56,116.65,0.29,3.69,4.95,0,0,0,0,Ctrl RM 18,Flavour,Tokyo
,,,,265,24.22,114.64,0.35,4.64,4.73,0,0,0,0,Ctrl RM 29,Concentrate,Tokyo
,,,,266,25.54,81.67,0.51,5.63,3.2,0,0,0,0,Ctrl RM 28,Carbon filter,Tokyo
,,,,267,21.28,107.83,0.18,2.26,5.07,0,0,0,0,Ctrl RM 32,Batch Tank,Tokyo
,,,,268,24.49,87.07,0.68,3.14,3.56,0,0,0,0,Ctrl RM 40,Concentrate,Tokyo
,,,,269,25.03,84.87,0.52,4.21,3.39,0,0,0,0,Ctrl RM 14,Sterilization,Tokyo
,,,,270,25.9,113.72,0.74,2.73,4.39,0,0,0,0,Ctrl RM 9,Particulate Remover,Tokyo
,,,,271,20.91,91.13,0.49,5.46,4.36,0,0,0,0,Ctrl RM 26,Carbon filter,Tokyo
,,,,272,23.46,100.96,0.04,4.07,4.3,0,0,0,0,Ctrl RM 20,Sterilization,Tokyo
,,,,273,22.79,119.09,0.27,3.8,5.23,0,0,0,0,Ctrl RM 17,Batch Tank,Tokyo
,,,,274,25.75,102.72,0.41,1.91,3.99,0,0,0,0,Ctrl RM 30,Concentrate,Tokyo
,,,,275,23.43,97.31,0.52,3.8,4.15,0,0,0,0,Ctrl RM 25,Sterilization,Tokyo
,,,,276,21.09,105.62,0.18,5.17,5.01,0,0,0,0,Ctrl RM 6,Mixing Tank,Tokyo
,,,,277,22.99,88.07,0.05,5.5,3.83,0,0,0,0,Ctrl RM 12,Carbon filter,Tokyo
,,,,278,25.31,102.68,0.21,4.2,4.06,0,0,0,0,Ctrl RM 34,Batch Tank,Tokyo
,,,,279,20.79,82.39,0.18,5.82,3.96,0,0,0,0,Ctrl RM 18,Particulate Remover,Tokyo
,,,,280,20.38,82.69,0.45,4.36,4.06,0,0,0,0,Ctrl RM 28,Treated Water,Tokyo
,,,,281,23.24,92.22,0.64,4.16,3.97,0,0,0,0,Ctrl RM 14,Flavour,Tokyo
,,,,282,20.36,89.46,0.87,2.19,4.39,0,0,0,0,Ctrl RM 8,Chlorine,Tokyo
,,,,283,21.5,86.9,0.51,1.04,4.04,0,0,0,0,Ctrl RM 40,Unfiltered Water,Tokyo
,,,,284,21.42,111.85,0.79,4.2,5.22,0,0,0,0,Ctrl RM 44,Carbon filter,Tokyo
,,,,285,25.1,89.25,0.44,5.45,3.56,0,0,0,0,Ctrl RM 22,Sugar Syrup,Tokyo
,,,,286,20.31,115.56,0.77,3.05,5.69,0,0,0,0,Ctrl RM 40,Unfiltered Water,Tokyo
,,,,287,22.58,80.44,0.88,5.5,3.56,0,0,0,0,Ctrl RM 31,Sterilization,Tokyo
,,,,288,25.05,95.19,0.92,3.83,3.8,0,0,0,0,Ctrl RM 9,Chlorine,Tokyo
,,,,289,25.09,83.26,0.33,2.82,3.32,0,0,0,0,Ctrl RM 33,Treated Water,Tokyo
,,,,290,21.55,87.61,0.52,5.31,4.07,0,0,0,0,Ctrl RM 18,Carbon filter,Tokyo
,,,,291,24.05,82.03,0.56,5.77,3.41,0,0,0,0,Ctrl RM 6,Treated Water,Tokyo
,,,,292,20.55,94.67,0.43,2.37,4.61,0,0,0,0,Ctrl RM 16,Sterilization,Tokyo
,,,,293,25.73,120.86,0.18,1.26,4.7,0,0,0,0,Ctrl RM 1,Phosphoric Acid,Tokyo
,,,,294,21.28,109.8,0.09,2.46,5.16,0,0,0,0,Ctrl RM 42,Treated Water,Tokyo
,,,,295,24.63,93.39,0.36,2.52,3.79,0,0,0,0,Ctrl RM 42,Dosing Station,Tokyo
,,,,296,25.9,108.71,0.4,1.14,4.2,0,0,0,0,Ctrl RM 10,Concentrate,Tokyo
,,,,297,25.02,95.36,0.53,3.08,3.81,0,0,0,0,Ctrl RM 2,Treated Water,Tokyo
,,,,298,22.15,106.61,0.77,4.94,4.81,0,0,0,0,Ctrl RM 30,Particulate Remover,Tokyo
,,,,299,23.15,111.41,0.06,1.7,4.81,0,0,0,0,Ctrl RM 40,Chlorine,Tokyo
,,,,300,20.26,85.74,0.39,5.34,4.23,0,0,0,0,Ctrl RM 25,Sterilization,Tokyo
,,,,5,31,135.82,1.14,3.43,4.9,0,0,8015,8009,Ctrl RM 36,Phosphoric Acid,Shanghai
,,,,4,26.32,105.38,1.04,2.4,4,0,0,0,0,Ctrl RM 17,Carbon filter,Shanghai
,,,,3,24.5,107.79,0.19,6,4.4,0,0,0,0,Ctrl RM 16,Sugar Syrup,Shanghai
,,,,2,22.92,121.12,0.57,5.4,5.28,0,0,0,0,Ctrl RM 32,Dosing Station,Shanghai
,,,,1,21.13,105.42,1.1,3.48,4.99,0,0,0,0,Ctrl RM 14,Phosphoric Acid,Shanghai
,,,,6,25.11,111.85,0.87,4.76,4.45,0,0,0,0,Ctrl RM 1,Dosing Station,Shanghai
,,,,7,23.39,107.2,0.77,6,4.58,0,0,0,0,Ctrl RM 19,Carbon filter,Shanghai
,,,,8,22.81,83.4,0.3,5.96,3.66,0,0,0,0,Ctrl RM 15,Sterilization,Shanghai
,,,,9,21.36,111.6,0.94,2.11,5.22,0,0,0,0,Ctrl RM 14,Treated Water,Shanghai
,,,,10,23.61,84.88,0.89,5.89,3.6,0,0,0,0,Ctrl RM 19,Treated Water,Shanghai
,,,,11,22.53,107.12,0.39,1.18,4.75,0,0,0,0,Ctrl RM 27,Batch Tank,Shanghai
,,,,12,21.08,86.99,1.02,1.99,4.13,0,0,0,0,Ctrl RM 10,Phosphoric Acid,Shanghai
,,,,18,24.46,199,0.79,2.33,4.3,0,0,8017,0,Ctrl RM 20,Sugar Syrup,Shanghai
,,,,14,21.81,81.56,1.1,4.87,3.74,0,0,0,0,Ctrl RM 22,Sterilization,Shanghai
,,,,15,24.36,109.75,0.98,3.37,4.51,0,0,0,0,Ctrl RM 22,Sterilization,Shanghai
,,,,16,22.2,96.55,0.01,5.01,4.35,0,0,0,0,Ctrl RM 42,Sugar Syrup,Shanghai
,,,,22,21.18,121.02,0.92,7,5.71,0,8029,0,0,Ctrl RM 44,Mixing Tank,Shanghai
,,,,13,23.73,97.45,0.83,4.07,4.11,0,0,0,0,Ctrl RM 25,Unfiltered Water,Shanghai
,,,,19,23.12,119.64,0.64,5.71,5.18,0,0,0,0,Ctrl RM 28,Phosphoric Acid,Shanghai
,,,,20,22.63,102.84,0.36,4.15,4.54,0,0,0,0,Ctrl RM 6,Sterilization,Shanghai
,,,,21,20.59,115.38,0.8,5.81,5.6,0,0,0,0,Ctrl RM 20,Sterilization,Shanghai
,,,,17,22.29,86.01,0.42,5.69,3.86,0,0,0,0,Ctrl RM 3,Batch Tank,Shanghai
,,,,30,20.98,107.84,0.6,1.14,5.14,0,0,0,0,Ctrl RM 35,Phosphoric Acid,Shanghai
,,,,24,25.56,111.07,0.3,5.07,4.35,0,0,0,0,Ctrl RM 32,Treated Water,Shanghai
,,,,25,24.6,92.48,0.32,2.55,3.76,0,0,0,0,Ctrl RM 6,Sugar Syrup,Shanghai
,,,,26,21.39,93.89,0.41,2.61,4.39,0,0,0,0,Ctrl RM 15,Batch Tank,Shanghai
,,,,27,25.11,95.21,0.43,4.13,3.79,0,0,0,0,Ctrl RM 13,Dosing Station,Shanghai
,,,,28,23.79,85.87,0.12,1.69,3.61,0,0,0,0,Ctrl RM 30,Flavour,Shanghai
,,,,33,32,101.83,0.63,2.7,4.12,0,0,0,8011,Ctrl RM 7,Particulate Remover,Shanghai
,,,,23,26.1,84.18,0.99,1.64,3.23,0,0,0,0,Ctrl RM 45,Treated Water,Shanghai
,,,,31,20.36,91.22,0.45,3.44,4.48,0,0,0,0,Ctrl RM 4,Treated Water,Shanghai
,,,,32,24.73,107.12,0.08,1.17,4.33,0,0,0,0,Ctrl RM 2,Carbon filter,Shanghai
,,,,29,24.23,83.62,0.85,1.49,3.45,0,0,0,0,Ctrl RM 18,Flavour,Shanghai
,,,,34,21.14,108.64,0.17,1.63,5.14,0,0,0,0,Ctrl RM 26,Carbonator,Shanghai
,,,,35,25.92,93.81,0.75,2.39,3.62,0,0,0,0,Ctrl RM 10,Carbon filter,Shanghai
,,,,36,21.8,111.15,0.76,3.46,5.1,0,0,0,0,Ctrl RM 30,Treated Water,Shanghai
,,,,37,20.93,120.75,0.46,2.83,5.77,0,0,0,0,Ctrl RM 27,Treated Water,Shanghai
,,,,38,25.7,104.29,0.08,4.06,4.06,0,0,0,0,Ctrl RM 9,Treated Water,Shanghai
,,,,39,22.07,115.44,0.15,5.85,5.23,0,0,0,0,Ctrl RM 10,Phosphoric Acid,Shanghai
,,,,40,24.7,99.89,0.97,3.68,4.04,0,0,0,0,Ctrl RM 26,Batch Tank,Shanghai
,,,,41,20.96,114.86,0.7,3.77,5.48,0,0,0,0,Ctrl RM 38,Phosphoric Acid,Shanghai
,,,,42,21.49,103.7,0.54,4.99,4.83,0,0,0,0,Ctrl RM 27,Sugar Syrup,Shanghai
,,,,43,24.38,87.79,0.4,1.83,3.6,0,0,0,0,Ctrl RM 37,Sterilization,Shanghai
,,,,44,22.31,99.64,0.19,4.3,4.47,0,0,0,0,Ctrl RM 13,Batch Tank,Shanghai
,,,,45,20.57,110.63,0.81,5.19,5.38,0,0,0,0,Ctrl RM 44,Batch Tank,Shanghai
,,,,46,23.16,110.37,0.21,5.23,4.76,0,0,0,0,Ctrl RM 16,Chlorine,Shanghai
,,,,47,25.14,95.37,0.96,2.46,3.79,0,0,0,0,Ctrl RM 7,Treated Water,Shanghai
,,,,48,23.56,89.1,0.24,3.52,3.78,0,0,0,0,Ctrl RM 3,Batch Tank,Shanghai
,,,,49,23.89,110.22,0.36,2.4,4.61,0,0,0,0,Ctrl RM 3,Phosphoric Acid,Shanghai
,,,,67,22.08,106.31,0.78,2.49,4.81,0,0,0,0,Ctrl RM 8,Chlorine,Shanghai
,,,,51,24.21,107.17,0.85,2.54,4.43,0,0,0,0,Ctrl RM 40,Unfiltered Water,Shanghai
,,,,52,24.27,93.07,0.82,5.36,3.83,0,0,0,0,Ctrl RM 44,Carbon filter,Shanghai
,,,,53,23.1,80.34,0.56,4.22,3.48,0,0,0,0,Ctrl RM 22,Sugar Syrup,Shanghai
,,,,54,24.88,93.18,0.83,2.66,3.75,0,0,0,0,Ctrl RM 40,Unfiltered Water,Shanghai
,,,,55,25.97,112.72,0.19,4.88,4.34,0,0,0,0,Ctrl RM 31,Sterilization,Shanghai
,,,,56,21.4,80.89,0.77,4.22,3.78,0,0,0,0,Ctrl RM 9,Chlorine,Shanghai
,,,,57,24.24,83.72,0.6,5.87,3.45,0,0,0,0,Ctrl RM 33,Treated Water,Shanghai
,,,,58,23.6,110.65,0.14,5.44,4.69,0,0,0,0,Ctrl RM 18,Carbon filter,Shanghai
,,,,59,22.13,83.59,0.35,3.03,3.78,0,0,0,0,Ctrl RM 6,Treated Water,Shanghai
,,,,60,22.3,120.83,0.89,2.5,5.42,0,0,0,0,Ctrl RM 16,Sterilization,Shanghai
,,,,61,24.51,108.04,0.89,3.24,4.41,0,0,0,0,Ctrl RM 1,Phosphoric Acid,Shanghai
,,,,62,22.46,100.86,0.35,2.04,4.49,0,0,0,0,Ctrl RM 42,Treated Water,Shanghai
,,,,63,22.73,112.03,0.78,4.2,4.93,0,0,0,0,Ctrl RM 42,Dosing Station,Shanghai
,,,,64,22.6,92.73,0.76,4.04,4.1,0,0,0,0,Ctrl RM 10,Concentrate,Shanghai
,,,,65,23.59,81.96,0.15,5.11,3.48,0,0,0,0,Ctrl RM 2,Treated Water,Shanghai
,,,,66,25.21,87.66,0.51,4.66,3.48,0,0,0,0,Ctrl RM 30,Particulate Remover,Shanghai
,,,,50,25.39,120.4,1.2,5.91,4.74,8023,0,0,0,Ctrl RM 40,Chlorine,Shanghai
,,,,68,25.84,90.88,0.98,4.36,3.52,0,0,0,0,Ctrl RM 25,Sterilization,Shanghai
,,,,69,25.77,118.79,0.43,4.51,4.61,0,0,0,0,Ctrl RM 20,Particulate Remover,Shanghai
,,,,70,22.36,85.25,0.47,3.02,3.81,0,0,0,0,Ctrl RM 37,Concentrate,Shanghai
,,,,71,23.56,87.23,0.76,2.22,3.7,0,0,0,0,Ctrl RM 7,Dosing Station,Shanghai
,,,,72,25.81,91.72,0.87,1.67,3.55,0,0,0,0,Ctrl RM 15,Carbonator,Shanghai
,,,,73,20.35,110.27,0.54,5.04,5.42,0,0,0,0,Ctrl RM 43,Treated Water,Shanghai
,,,,74,24.53,84.51,0.63,4.72,3.45,0,0,0,0,Ctrl RM 40,Carbonator,Shanghai
,,,,75,20.45,97.62,0.62,1.39,4.77,0,0,0,0,Ctrl RM 35,Carbon filter,Shanghai
,,,,76,24.83,91.27,0.16,5.16,3.68,0,0,0,0,Ctrl RM 24,Dosing Station,Shanghai
,,,,77,21.5,99.02,0.02,4.5,4.6,0,0,0,0,Ctrl RM 25,Sugar Syrup,Shanghai
,,,,78,25.68,107.22,0.64,3.16,4.18,0,0,0,0,Ctrl RM 2,Dosing Station,Shanghai
,,,,79,23.25,111.93,0.97,2.78,4.81,0,0,0,0,Ctrl RM 18,Flavour,Shanghai
,,,,80,24.56,120.87,0.39,4.71,4.92,0,0,0,0,Ctrl RM 29,Concentrate,Shanghai
,,,,81,25.2,98.45,0.19,3.68,3.91,0,0,0,0,Ctrl RM 28,Carbon filter,Shanghai
,,,,82,25.75,96.25,0.5,5.76,3.74,0,0,0,0,Ctrl RM 32,Batch Tank,Shanghai
,,,,83,24.98,80.78,0.83,4.47,3.23,0,0,0,0,Ctrl RM 40,Concentrate,Shanghai
,,,,84,20.12,115.52,0.52,3.89,5.74,0,0,0,0,Ctrl RM 14,Sterilization,Shanghai
,,,,85,22.66,109.85,0.75,4.19,4.85,0,0,0,0,Ctrl RM 9,Particulate Remover,Shanghai
,,,,86,22.5,111.32,0.58,4.67,4.95,0,0,0,0,Ctrl RM 26,Carbon filter,Shanghai
,,,,87,23.04,120.79,0.8,5.44,5.24,0,0,0,0,Ctrl RM 20,Sterilization,Shanghai
,,,,88,22.89,110.3,0.93,4.29,4.82,0,0,0,0,Ctrl RM 17,Batch Tank,Shanghai
,,,,89,21.83,91.69,1,4.49,4.2,0,0,0,0,Ctrl RM 30,Concentrate,Shanghai
,,,,90,21.89,97.45,0.35,1.18,4.45,0,0,0,0,Ctrl RM 25,Sterilization,Shanghai
,,,,91,24.85,87.22,0.67,1.79,3.51,0,0,0,0,Ctrl RM 6,Mixing Tank,Shanghai
,,,,102,22.46,90.92,0.63,1.23,4.05,0,0,0,0,Ctrl RM 12,Carbon filter,Shanghai
,,,,93,21,91.28,0.65,4.22,4.35,0,0,0,0,Ctrl RM 34,Batch Tank,Shanghai
,,,,94,25.67,114.44,0.22,5.88,4.46,0,0,0,0,Ctrl RM 18,Particulate Remover,Shanghai
,,,,95,25.12,91.06,0.01,1.04,3.63,0,0,0,0,Ctrl RM 28,Treated Water,Shanghai
,,,,96,23.62,119.31,0.86,4.05,5.05,0,0,0,0,Ctrl RM 14,Flavour,Shanghai
,,,,97,23.82,99.51,0.32,5.17,4.18,0,0,0,0,Ctrl RM 41,Chlorine,Shanghai
,,,,98,23.4,89.55,0.67,4.03,3.83,0,0,0,0,Ctrl RM 44,Sterilization,Shanghai
,,,,99,20.42,114.74,1,2.37,5.62,0,0,0,0,Ctrl RM 34,Phosphoric Acid,Shanghai
,,,,100,25.74,95.44,0.42,3.68,3.71,0,0,0,0,Ctrl RM 45,Phosphoric Acid,Shanghai
,,,,101,25.01,118.59,0.15,1.18,4.74,0,0,0,0,Ctrl RM 34,Particulate Remover,Shanghai
,,,,92,25.07,104.74,0.48,7.99,4.18,0,8031,0,0,Ctrl RM 18,Treated Water,Shanghai
,,,,103,20.88,85.73,0.85,5.5,4.1,0,0,0,0,Ctrl RM 39,Treated Water,Shanghai
,,,,104,24.11,115.7,0.75,4.74,4.8,0,0,0,0,Ctrl RM 23,Sugar Syrup,Shanghai
,,,,110,25.21,87.95,0.12,1.41,3.49,0,0,0,0,Ctrl RM 12,Batch Tank,Shanghai
,,,,106,25.72,108.4,0.66,1.76,4.22,0,0,0,0,Ctrl RM 2,Concentrate,Shanghai
,,,,107,25.13,89.05,0.11,4.19,3.54,0,0,0,0,Ctrl RM 35,Carbon filter,Shanghai
,,,,108,20.73,120.86,0.45,5.44,5.83,0,0,0,0,Ctrl RM 15,Treated Water,Shanghai
,,,,109,20.59,104.96,0.19,5.7,5.1,0,0,0,0,Ctrl RM 7,Batch Tank,Shanghai
,,,,105,22.36,80.36,0.19,8,3.59,0,8033,0,0,Ctrl RM 18,Flavour,Shanghai
,,,,111,24.68,92.95,0.95,4.03,3.77,0,0,0,0,Ctrl RM 35,Sugar Syrup,Shanghai
,,,,112,20.15,115.5,0.86,5.21,5.73,0,0,0,0,Ctrl RM 40,Sterilization,Shanghai
,,,,113,23.67,109.24,0.43,5.63,4.62,0,0,0,0,Ctrl RM 5,Batch Tank,Shanghai
,,,,114,20.1,110.25,0.29,5.95,5.48,0,0,0,0,Ctrl RM 21,Treated Water,Shanghai
,,,,115,23.97,99.35,0.07,2.28,4.15,0,0,0,0,Ctrl RM 22,Sterilization,Shanghai
,,,,116,23.33,118.15,0.87,3.29,5.06,0,0,0,0,Ctrl RM 31,Treated Water,Shanghai
,,,,117,23.41,120.31,0.91,4.72,5.14,0,0,0,0,Ctrl RM 3,Chlorine,Shanghai
,,,,118,25.78,99.06,0.2,2.74,3.84,0,0,0,0,Ctrl RM 3,Batch Tank,Shanghai
,,,,119,20.68,106.5,0.89,1.51,5.15,0,0,0,0,Ctrl RM 12,Phosphoric Acid,Shanghai
,,,,120,23.14,102.64,0.61,5,4.43,0,0,0,0,Ctrl RM 2,Concentrate,Shanghai
,,,,1,22.2,120.1,1.02,3.43,4.9,0,0,8015,8009,Ctrl RM 2,Treated Water,Kyoto
,,,,2,21.25,105.38,1.04,2.4,4,0,0,0,0,Ctrl RM 30,Particulate Remover,Kyoto
,,,,3,24.5,107.79,0.19,6,4.4,0,0,0,0,Ctrl RM 40,Chlorine,Kyoto
,,,,4,22.92,121.12,0.57,5.4,5.28,0,0,0,0,Ctrl RM 25,Sterilization,Kyoto
,,,,5,21.13,105.42,1.1,3.48,4.99,0,0,0,0,Ctrl RM 20,Particulate Remover,Kyoto
,,,,6,25.11,111.85,0.87,4.76,4.45,0,0,0,0,Ctrl RM 37,Concentrate,Kyoto
,,,,7,23.39,107.2,0.77,6,4.58,0,0,0,0,Ctrl RM 7,Dosing Station,Kyoto
,,,,8,22.81,83.4,0.3,5.96,3.66,0,0,0,0,Ctrl RM 15,Carbonator,Kyoto
,,,,9,21.36,111.6,0.94,2.11,5.22,0,0,0,0,Ctrl RM 43,Treated Water,Kyoto
,,,,10,23.61,84.88,0.89,5.89,3.6,0,0,0,0,Ctrl RM 40,Carbonator,Kyoto
,,,,11,22.53,107.12,0.39,1.18,4.75,0,0,0,0,Ctrl RM 35,Carbon filter,Kyoto
,,,,12,21.08,86.99,1.02,1.99,4.13,0,0,0,0,Ctrl RM 24,Dosing Station,Kyoto
,,,,13,24.46,199,0.79,2.33,4.3,0,0,8017,0,Ctrl RM 25,Sugar Syrup,Kyoto
,,,,14,21.81,81.56,1.1,4.87,3.74,0,0,0,0,Ctrl RM 2,Dosing Station,Kyoto
,,,,15,24.36,109.75,0.98,3.37,4.51,0,0,0,0,Ctrl RM 18,Flavour,Kyoto
,,,,16,22.2,96.55,0.01,5.01,4.35,0,0,0,0,Ctrl RM 29,Concentrate,Kyoto
,,,,17,21.18,121.02,0.92,7,5.71,0,8029,0,0,Ctrl RM 28,Carbon filter,Kyoto
,,,,18,23.73,97.45,0.83,4.07,4.11,0,0,0,0,Ctrl RM 32,Batch Tank,Kyoto
,,,,19,23.12,119.64,0.64,5.71,5.18,0,0,0,0,Ctrl RM 40,Concentrate,Kyoto
,,,,20,22.63,102.84,0.36,4.15,4.54,0,0,0,0,Ctrl RM 14,Sterilization,Kyoto
,,,,21,20.59,115.38,0.8,5.81,5.6,0,0,0,0,Ctrl RM 9,Particulate Remover,Kyoto
,,,,22,22.29,86.01,0.42,5.69,3.86,0,0,0,0,Ctrl RM 26,Carbon filter,Kyoto
,,,,23,20.98,107.84,0.6,1.14,5.14,0,0,0,0,Ctrl RM 20,Sterilization,Kyoto
,,,,24,25.56,111.07,0.3,5.07,4.35,0,0,0,0,Ctrl RM 17,Batch Tank,Kyoto
,,,,25,24.6,92.48,0.32,2.55,3.76,0,0,0,0,Ctrl RM 30,Concentrate,Kyoto
,,,,26,21.39,93.89,0.41,2.61,4.39,0,0,0,0,Ctrl RM 25,Sterilization,Kyoto
,,,,27,25.11,95.21,0.43,4.13,3.79,0,0,0,0,Ctrl RM 6,Mixing Tank,Kyoto
,,,,28,23.79,85.87,0.12,1.69,3.61,0,0,0,0,Ctrl RM 12,Carbon filter,Kyoto
,,,,29,21.52,101.83,0.63,2.7,4.12,0,0,0,8011,Ctrl RM 34,Batch Tank,Kyoto
,,,,30,22.1,84.18,0.99,1.64,3.23,0,0,0,0,Ctrl RM 18,Particulate Remover,Kyoto
,,,,31,20.36,91.22,0.45,3.44,4.48,0,0,0,0,Ctrl RM 28,Treated Water,Kyoto
,,,,32,24.73,107.12,0.08,1.17,4.33,0,0,0,0,Ctrl RM 14,Flavour,Kyoto
,,,,33,24.23,83.62,0.85,1.49,3.45,0,0,0,0,Ctrl RM 41,Chlorine,Kyoto
,,,,34,21.14,108.64,0.17,1.63,5.14,0,0,0,0,Ctrl RM 44,Sterilization,Kyoto
,,,,35,25.92,93.81,0.75,2.39,3.62,0,0,0,0,Ctrl RM 34,Phosphoric Acid,Kyoto
,,,,36,21.8,111.15,0.76,3.46,5.1,0,0,0,0,Ctrl RM 45,Phosphoric Acid,Kyoto
,,,,37,20.93,120.75,0.46,2.83,5.77,0,0,0,0,Ctrl RM 34,Particulate Remover,Kyoto
,,,,38,25.7,104.29,0.08,4.06,4.06,0,0,0,0,Ctrl RM 18,Treated Water,Kyoto
,,,,39,22.07,115.44,0.15,5.85,5.23,0,0,0,0,Ctrl RM 39,Treated Water,Kyoto
,,,,40,24.7,99.89,0.97,3.68,4.04,0,0,0,0,Ctrl RM 23,Sugar Syrup,Kyoto
,,,,41,20.96,114.86,0.7,3.77,5.48,0,0,0,0,Ctrl RM 12,Batch Tank,Kyoto
,,,,42,21.49,103.7,0.54,4.99,4.83,0,0,0,0,Ctrl RM 2,Concentrate,Kyoto
,,,,43,24.38,87.79,0.4,1.83,3.6,0,0,0,0,Ctrl RM 35,Carbon filter,Kyoto
,,,,44,22.31,99.64,0.19,4.3,4.47,0,0,0,0,Ctrl RM 15,Treated Water,Kyoto
,,,,45,20.57,110.63,0.81,5.19,5.38,0,0,0,0,Ctrl RM 7,Batch Tank,Kyoto
,,,,46,23.16,110.37,0.21,5.23,4.76,0,0,0,0,Ctrl RM 18,Flavour,Kyoto
,,,,47,25.14,95.37,0.96,2.46,3.79,0,0,0,0,Ctrl RM 35,Sugar Syrup,Kyoto
,,,,48,23.56,89.1,0.24,3.52,3.78,0,0,0,0,Ctrl RM 40,Sterilization,Kyoto
,,,,49,23.89,110.22,0.36,2.4,4.61,0,0,0,0,Ctrl RM 5,Batch Tank,Kyoto
,,,,50,22.08,106.31,0.78,2.49,4.81,0,0,0,0,Ctrl RM 21,Treated Water,Kyoto
,,,,51,24.21,107.17,0.85,2.54,4.43,0,0,0,0,Ctrl RM 22,Sterilization,Kyoto
,,,,52,24.27,93.07,0.82,5.36,3.83,0,0,0,0,Ctrl RM 31,Treated Water,Kyoto
,,,,53,23.1,80.34,0.56,4.22,3.48,0,0,0,0,Ctrl RM 3,Chlorine,Kyoto
,,,,54,24.88,93.18,0.83,2.66,3.75,0,0,0,0,Ctrl RM 3,Batch Tank,Kyoto
,,,,55,23.15,112.72,0.19,4.88,4.34,0,0,0,0,Ctrl RM 12,Phosphoric Acid,Kyoto
,,,,56,23.89,110.22,0.36,2.4,4.61,0,0,0,0,Ctrl RM 2,Concentrate,Kyoto
,,,,1,22.2,120.1,1.02,3.43,4.9,0,0,8015,8009,Ctrl RM 20,Sterilization,Seoul
,,,,2,21.25,105.38,1.04,2.4,4,0,0,0,0,Ctrl RM 3,Batch Tank,Seoul
,,,,3,24.5,107.79,0.19,6,4.4,0,0,0,0,Ctrl RM 35,Phosphoric Acid,Seoul
,,,,4,22.92,121.12,0.57,5.4,5.28,0,0,0,0,Ctrl RM 32,Treated Water,Seoul
,,,,5,21.13,105.42,1.1,3.48,4.99,0,0,0,0,Ctrl RM 6,Sugar Syrup,Seoul
,,,,6,25.11,111.85,0.87,4.76,4.45,0,0,0,0,Ctrl RM 15,Batch Tank,Seoul
,,,,7,23.39,107.2,0.77,6,4.58,0,0,0,0,Ctrl RM 13,Dosing Station,Seoul
,,,,8,22.81,83.4,0.3,5.96,3.66,0,0,0,0,Ctrl RM 30,Flavour,Seoul
,,,,9,21.36,111.6,0.94,2.11,5.22,0,0,0,0,Ctrl RM 7,Particulate Remover,Seoul
,,,,10,23.61,84.88,0.89,5.89,3.6,0,0,0,0,Ctrl RM 45,Treated Water,Seoul
,,,,11,22.53,107.12,0.39,1.18,4.75,0,0,0,0,Ctrl RM 4,Treated Water,Seoul
,,,,12,21.08,86.99,1.02,1.99,4.13,0,0,0,0,Ctrl RM 2,Carbon filter,Seoul
,,,,13,24.46,199,0.79,2.33,4.3,0,0,8017,0,Ctrl RM 18,Flavour,Seoul
,,,,14,21.81,81.56,1.1,4.87,3.74,0,0,0,0,Ctrl RM 26,Carbonator,Seoul
,,,,15,24.36,109.75,0.98,3.37,4.51,0,0,0,0,Ctrl RM 10,Carbon filter,Seoul
,,,,16,22.2,96.55,0.01,5.01,4.35,0,0,0,0,Ctrl RM 30,Treated Water,Seoul
,,,,17,21.18,121.02,0.92,7,5.71,0,8029,0,0,Ctrl RM 27,Treated Water,Seoul
,,,,18,23.73,97.45,0.83,4.07,4.11,0,0,0,0,Ctrl RM 9,Treated Water,Seoul
,,,,19,23.12,119.64,0.64,5.71,5.18,0,0,0,0,Ctrl RM 10,Phosphoric Acid,Seoul
,,,,20,22.63,102.84,0.36,4.15,4.54,0,0,0,0,Ctrl RM 26,Batch Tank,Seoul
,,,,21,20.59,115.38,0.8,5.81,5.6,0,0,0,0,Ctrl RM 38,Phosphoric Acid,Seoul
,,,,22,22.29,86.01,0.42,5.69,3.86,0,0,0,0,Ctrl RM 27,Sugar Syrup,Seoul
,,,,23,20.98,107.84,0.6,1.14,5.14,0,0,0,0,Ctrl RM 37,Sterilization,Seoul
,,,,24,25.56,111.07,0.3,5.07,4.35,0,0,0,0,Ctrl RM 13,Batch Tank,Seoul
,,,,25,24.6,92.48,0.32,2.55,3.76,0,0,0,0,Ctrl RM 44,Batch Tank,Seoul
,,,,26,21.39,93.89,0.41,2.61,4.39,0,0,0,0,Ctrl RM 16,Chlorine,Seoul
,,,,27,25.11,95.21,0.43,4.13,3.79,0,0,0,0,Ctrl RM 7,Treated Water,Seoul
,,,,28,23.79,85.87,0.12,1.69,3.61,0,0,0,0,Ctrl RM 3,Batch Tank,Seoul
,,,,29,21.52,101.83,0.63,2.7,4.12,0,0,0,8011,Ctrl RM 3,Phosphoric Acid,Seoul
,,,,30,22.1,84.18,0.99,1.64,3.23,0,0,0,0,Ctrl RM 8,Chlorine,Seoul
,,,,31,20.36,91.22,0.45,3.44,4.48,0,0,0,0,Ctrl RM 40,Unfiltered Water,Seoul
,,,,32,24.73,107.12,0.08,1.17,4.33,0,0,0,0,Ctrl RM 44,Carbon filter,Seoul
,,,,33,24.23,83.62,0.85,1.49,3.45,0,0,0,0,Ctrl RM 22,Sugar Syrup,Seoul
,,,,34,21.14,108.64,0.17,1.63,5.14,0,0,0,0,Ctrl RM 40,Unfiltered Water,Seoul
,,,,35,25.92,93.81,0.75,2.39,3.62,0,0,0,0,Ctrl RM 31,Sterilization,Seoul
,,,,36,21.8,111.15,0.76,3.46,5.1,0,0,0,0,Ctrl RM 9,Chlorine,Seoul
,,,,37,20.93,120.75,0.46,2.83,5.77,0,0,0,0,Ctrl RM 33,Treated Water,Seoul
,,,,38,25.7,104.29,0.08,4.06,4.06,0,0,0,0,Ctrl RM 18,Carbon filter,Seoul
,,,,39,22.07,115.44,0.15,5.85,5.23,0,0,0,0,Ctrl RM 6,Treated Water,Seoul
,,,,40,24.7,99.89,0.97,3.68,4.04,0,0,0,0,Ctrl RM 16,Sterilization,Seoul
,,,,1,22.2,120.1,1.02,3.43,4.9,0,0,8015,8009,Ctrl RM 35,Sugar Syrup,Beijing
,,,,2,21.25,105.38,1.04,2.4,4,0,0,0,0,Ctrl RM 40,Sterilization,Beijing
,,,,3,24.5,107.79,0.19,6,4.4,0,0,0,0,Ctrl RM 5,Batch Tank,Beijing
,,,,4,22.92,121.12,0.57,5.4,5.28,0,0,0,0,Ctrl RM 21,Treated Water,Beijing
,,,,5,21.13,105.42,1.1,3.48,4.99,0,0,0,0,Ctrl RM 22,Sterilization,Beijing
,,,,6,25.11,111.85,0.87,4.76,4.45,0,0,0,0,Ctrl RM 31,Treated Water,Beijing
,,,,7,23.39,107.2,0.77,6,4.58,0,0,0,0,Ctrl RM 3,Chlorine,Beijing
,,,,8,22.81,83.4,0.3,5.96,3.66,0,0,0,0,Ctrl RM 3,Batch Tank,Beijing
,,,,9,21.36,111.6,0.94,2.11,5.22,0,0,0,0,Ctrl RM 12,Phosphoric Acid,Beijing
,,,,10,23.61,84.88,0.89,5.89,3.6,0,0,0,0,Ctrl RM 2,Concentrate,Beijing
,,,,11,22.53,107.12,0.39,1.18,4.75,0,0,0,0,Ctrl RM 20,Sterilization,Beijing
,,,,12,21.08,86.99,1.02,1.99,4.13,0,0,0,0,Ctrl RM 3,Batch Tank,Beijing
,,,,13,24.46,199,0.79,2.33,4.3,0,0,8017,0,Ctrl RM 35,Phosphoric Acid,Beijing
,,,,14,21.81,81.56,1.1,4.87,3.74,0,0,0,0,Ctrl RM 32,Treated Water,Beijing
,,,,15,24.36,109.75,0.98,3.37,4.51,0,0,0,0,Ctrl RM 6,Sugar Syrup,Beijing
,,,,16,22.2,96.55,0.01,5.01,4.35,0,0,0,0,Ctrl RM 15,Batch Tank,Beijing
,,,,17,21.18,121.02,0.92,7,5.71,0,8029,0,0,Ctrl RM 13,Dosing Station,Beijing
,,,,18,23.73,97.45,0.83,4.07,4.11,0,0,0,0,Ctrl RM 30,Flavour,Beijing
,,,,19,23.12,119.64,0.64,5.71,5.18,0,0,0,0,Ctrl RM 7,Particulate Remover,Beijing
,,,,20,22.63,102.84,0.36,4.15,4.54,0,0,0,0,Ctrl RM 45,Treated Water,Beijing
,,,,21,20.59,115.38,0.8,5.81,5.6,0,0,0,0,Ctrl RM 4,Treated Water,Beijing
,,,,22,22.29,86.01,0.42,5.69,3.86,0,0,0,0,Ctrl RM 2,Carbon filter,Beijing
,,,,23,20.98,107.84,0.6,1.14,5.14,0,0,0,0,Ctrl RM 18,Flavour,Beijing
,,,,24,25.56,111.07,0.3,5.07,4.35,0,0,0,0,Ctrl RM 26,Carbonator,Beijing
,,,,25,24.6,92.48,0.32,2.55,3.76,0,0,0,0,Ctrl RM 10,Carbon filter,Beijing
,,,,26,21.39,93.89,0.41,2.61,4.39,0,0,0,0,Ctrl RM 30,Treated Water,Beijing
,,,,27,25.11,95.21,0.43,4.13,3.79,0,0,0,0,Ctrl RM 27,Treated Water,Beijing
,,,,28,23.79,85.87,0.12,1.69,3.61,0,0,0,0,Ctrl RM 9,Treated Water,Beijing
,,,,29,21.52,101.83,0.63,2.7,4.12,0,0,0,8011,Ctrl RM 10,Phosphoric Acid,Beijing
,,,,30,22.1,84.18,0.99,1.64,3.23,0,0,0,0,Ctrl RM 26,Batch Tank,Beijing
,,,,31,20.36,91.22,0.45,3.44,4.48,0,0,0,0,Ctrl RM 38,Phosphoric Acid,Beijing
,,,,32,24.73,107.12,0.08,1.17,4.33,0,0,0,0,Ctrl RM 27,Sugar Syrup,Beijing
,,,,33,24.23,83.62,0.85,1.49,3.45,0,0,0,0,Ctrl RM 37,Sterilization,Beijing
,,,,34,21.14,108.64,0.17,1.63,5.14,0,0,0,0,Ctrl RM 13,Batch Tank,Beijing
,,,,35,25.92,93.81,0.75,2.39,3.62,0,0,0,0,Ctrl RM 44,Batch Tank,Beijing
,,,,36,21.8,111.15,0.76,3.46,5.1,0,0,0,0,Ctrl RM 16,Chlorine,Beijing
,,,,37,20.93,120.75,0.46,2.83,5.77,0,0,0,0,Ctrl RM 7,Treated Water,Beijing
,,,,38,25.7,104.29,0.08,4.06,4.06,0,0,0,0,Ctrl RM 3,Batch Tank,Beijing
,,,,39,22.07,115.44,0.15,5.85,5.23,0,0,0,0,Ctrl RM 3,Phosphoric Acid,Beijing
,,,,40,24.7,99.89,0.97,3.68,4.04,0,0,0,0,Ctrl RM 8,Chlorine,Beijing
,,,,1,22.2,120.1,1.02,3.43,4.9,0,0,8015,8009,Ctrl RM 30,Concentrate,Manila
,,,,2,21.25,105.38,1.04,2.4,4,0,0,0,0,Ctrl RM 1,Flavour,Manila
,,,,3,24.5,107.79,0.19,6,4.4,0,0,0,0,Ctrl RM 31,Sugar Syrup,Manila
,,,,4,22.92,121.12,0.57,5.4,5.28,0,0,0,0,Ctrl RM 31,Sugar Syrup,Manila
,,,,5,21.13,105.42,1.1,3.48,4.99,0,0,0,0,Ctrl RM 41,Carbon filter,Manila
,,,,6,25.11,111.85,0.87,4.76,4.45,0,0,0,0,Ctrl RM 34,Treated Water,Manila
,,,,7,23.39,107.2,0.77,6,4.58,0,0,0,0,Ctrl RM 22,Concentrate,Manila
,,,,8,22.81,83.4,0.3,5.96,3.66,0,0,0,0,Ctrl RM 40,Sugar Syrup,Manila
,,,,9,21.36,111.6,0.94,2.11,5.22,0,0,0,0,Ctrl RM 28,Treated Water,Manila
,,,,10,23.61,84.88,0.89,5.89,3.6,0,0,0,0,Ctrl RM 19,Unfiltered Water,Manila
,,,,11,22.53,107.12,0.39,1.18,4.75,0,0,0,0,Ctrl RM 39,Concentrate,Manila
,,,,12,21.08,86.99,1.02,1.99,4.13,0,0,0,0,Ctrl RM 43,Dosing Station,Manila
,,,,13,24.46,199,0.79,2.33,4.3,0,0,8017,0,Ctrl RM 11,Mixing Tank,Manila
,,,,14,21.81,81.56,1.1,4.87,3.74,0,0,0,0,Ctrl RM 44,Phosphoric Acid,Manila
,,,,15,24.36,109.75,0.98,3.37,4.51,0,0,0,0,Ctrl RM 24,Treated Water,Manila
,,,,16,22.2,96.55,0.01,5.01,4.35,0,0,0,0,Ctrl RM 41,Chlorine,Manila
,,,,17,21.18,121.02,0.92,7,5.71,0,8029,0,0,Ctrl RM 44,Sterilization,Manila
,,,,18,23.73,97.45,0.83,4.07,4.11,0,0,0,0,Ctrl RM 34,Phosphoric Acid,Manila
,,,,19,23.12,119.64,0.64,5.71,5.18,0,0,0,0,Ctrl RM 45,Phosphoric Acid,Manila
,,,,20,22.63,102.84,0.36,4.15,4.54,0,0,0,0,Ctrl RM 34,Particulate Remover,Manila
,,,,21,20.59,115.38,0.8,5.81,5.6,0,0,0,0,Ctrl RM 18,Treated Water,Manila
,,,,22,22.29,86.01,0.42,5.69,3.86,0,0,0,0,Ctrl RM 39,Treated Water,Manila
,,,,23,20.98,107.84,0.6,1.14,5.14,0,0,0,0,Ctrl RM 23,Sugar Syrup,Manila
,,,,24,25.56,111.07,0.3,5.07,4.35,0,0,0,0,Ctrl RM 12,Batch Tank,Manila
,,,,25,24.6,92.48,0.32,2.55,3.76,0,0,0,0,Ctrl RM 2,Concentrate,Manila
,,,,26,21.39,93.89,0.41,2.61,4.39,0,0,0,0,Ctrl RM 35,Carbon filter,Manila
,,,,27,25.11,95.21,0.43,4.13,3.79,0,0,0,0,Ctrl RM 15,Treated Water,Manila
,,,,28,23.79,85.87,0.12,1.69,3.61,0,0,0,0,Ctrl RM 7,Batch Tank,Manila
,,,,29,21.52,101.83,0.63,2.7,4.12,0,0,0,8011,Ctrl RM 18,Flavour,Manila
,,,,30,22.1,84.18,0.99,1.64,3.23,0,0,0,0,Ctrl RM 35,Sugar Syrup,Manila
,,,,31,20.36,91.22,0.45,3.44,4.48,0,0,0,0,Ctrl RM 40,Sterilization,Manila
,,,,32,24.73,107.12,0.08,1.17,4.33,0,0,0,0,Ctrl RM 5,Batch Tank,Manila
,,,,33,24.23,83.62,0.85,1.49,3.45,0,0,0,0,Ctrl RM 21,Treated Water,Manila
,,,,34,21.14,108.64,0.17,1.63,5.14,0,0,0,0,Ctrl RM 22,Sterilization,Manila
,,,,35,25.92,93.81,0.75,2.39,3.62,0,0,0,0,Ctrl RM 31,Treated Water,Manila
,,,,36,21.8,111.15,0.76,3.46,5.1,0,0,0,0,Ctrl RM 3,Chlorine,Manila
,,,,37,20.93,120.75,0.46,2.83,5.77,0,0,0,0,Ctrl RM 3,Batch Tank,Manila
,,,,38,25.7,104.29,0.08,4.06,4.06,0,0,0,0,Ctrl RM 12,Phosphoric Acid,Manila
,,,,39,22.07,115.44,0.15,5.85,5.23,0,0,0,0,Ctrl RM 2,Concentrate,Manila
,,,,40,24.7,99.89,0.97,3.68,4.04,0,0,0,0,Ctrl RM 38,Treated Water,Manila
,,,,1,22.2,120.1,1.02,3.43,4.9,0,0,8015,8009,Ctrl RM 3,Batch Tank,Kuala Lumpur
,,,,2,21.25,105.38,1.04,2.4,4,0,0,0,0,Ctrl RM 35,Phosphoric Acid,Kuala Lumpur
,,,,3,24.5,107.79,0.19,6,4.4,0,0,0,0,Ctrl RM 32,Treated Water,Kuala Lumpur
,,,,4,22.92,121.12,0.57,5.4,5.28,0,0,0,0,Ctrl RM 6,Sugar Syrup,Kuala Lumpur
,,,,5,21.13,105.42,1.1,3.48,4.99,0,0,0,0,Ctrl RM 15,Batch Tank,Kuala Lumpur
,,,,6,25.11,111.85,0.87,4.76,4.45,0,0,0,0,Ctrl RM 13,Dosing Station,Kuala Lumpur
,,,,7,23.39,107.2,0.77,6,4.58,0,0,0,0,Ctrl RM 30,Flavour,Kuala Lumpur
,,,,8,22.81,83.4,0.3,5.96,3.66,0,0,0,0,Ctrl RM 7,Particulate Remover,Kuala Lumpur
,,,,9,21.36,111.6,0.94,2.11,5.22,0,0,0,0,Ctrl RM 45,Treated Water,Kuala Lumpur
,,,,10,23.61,84.88,0.89,5.89,3.6,0,0,0,0,Ctrl RM 4,Treated Water,Kuala Lumpur
,,,,11,22.53,107.12,0.39,1.18,4.75,0,0,0,0,Ctrl RM 2,Carbon filter,Kuala Lumpur
,,,,12,21.08,86.99,1.02,1.99,4.13,0,0,0,0,Ctrl RM 18,Flavour,Kuala Lumpur
,,,,13,24.46,199,0.79,2.33,4.3,0,0,8017,0,Ctrl RM 26,Carbonator,Kuala Lumpur
,,,,14,21.81,81.56,1.1,4.87,3.74,0,0,0,0,Ctrl RM 10,Carbon filter,Kuala Lumpur
,,,,15,24.36,109.75,0.98,3.37,4.51,0,0,0,0,Ctrl RM 30,Treated Water,Kuala Lumpur
,,,,16,22.2,96.55,0.01,5.01,4.35,0,0,0,0,Ctrl RM 27,Treated Water,Kuala Lumpur
,,,,17,21.18,121.02,0.92,7,5.71,0,8029,0,0,Ctrl RM 9,Treated Water,Kuala Lumpur
,,,,18,23.73,97.45,0.83,4.07,4.11,0,0,0,0,Ctrl RM 10,Phosphoric Acid,Kuala Lumpur
,,,,19,23.12,119.64,0.64,5.71,5.18,0,0,0,0,Ctrl RM 26,Batch Tank,Kuala Lumpur
,,,,20,22.63,102.84,0.36,4.15,4.54,0,0,0,0,Ctrl RM 38,Phosphoric Acid,Kuala Lumpur
,,,,21,20.59,115.38,0.8,5.81,5.6,0,0,0,0,Ctrl RM 27,Sugar Syrup,Kuala Lumpur
,,,,22,22.29,86.01,0.42,5.69,3.86,0,0,0,0,Ctrl RM 37,Sterilization,Kuala Lumpur
,,,,23,20.98,107.84,0.6,1.14,5.14,0,0,0,0,Ctrl RM 13,Batch Tank,Kuala Lumpur
,,,,24,25.56,111.07,0.3,5.07,4.35,0,0,0,0,Ctrl RM 44,Batch Tank,Kuala Lumpur
,,,,25,24.6,92.48,0.32,2.55,3.76,0,0,0,0,Ctrl RM 16,Chlorine,Kuala Lumpur
,,,,26,21.39,93.89,0.41,2.61,4.39,0,0,0,0,Ctrl RM 7,Treated Water,Kuala Lumpur
,,,,27,25.11,95.21,0.43,4.13,3.79,0,0,0,0,Ctrl RM 3,Batch Tank,Kuala Lumpur
,,,,28,23.79,85.87,0.12,1.69,3.61,0,0,0,0,Ctrl RM 3,Phosphoric Acid,Kuala Lumpur
,,,,29,21.52,101.83,0.63,2.7,4.12,0,0,0,8011,Ctrl RM 8,Chlorine,Kuala Lumpur
,,,,30,22.1,84.18,0.99,1.64,3.23,0,0,0,0,Ctrl RM 30,Concentrate,Kuala Lumpur
,,,,31,20.36,91.22,0.45,3.44,4.48,0,0,0,0,Ctrl RM 1,Flavour,Kuala Lumpur
,,,,32,24.73,107.12,0.08,1.17,4.33,0,0,0,0,Ctrl RM 31,Sugar Syrup,Kuala Lumpur
,,,,33,24.23,83.62,0.85,1.49,3.45,0,0,0,0,Ctrl RM 31,Sugar Syrup,Kuala Lumpur
,,,,34,21.14,108.64,0.17,1.63,5.14,0,0,0,0,Ctrl RM 41,Carbon filter,Kuala Lumpur
,,,,35,25.92,93.81,0.75,2.39,3.62,0,0,0,0,Ctrl RM 34,Treated Water,Kuala Lumpur
,,,,36,21.8,111.15,0.76,3.46,5.1,0,0,0,0,Ctrl RM 22,Concentrate,Kuala Lumpur
,,,,37,20.93,120.75,0.46,2.83,5.77,0,0,0,0,Ctrl RM 40,Sugar Syrup,Kuala Lumpur
,,,,38,25.7,104.29,0.08,4.06,4.06,0,0,0,0,Ctrl RM 28,Treated Water,Kuala Lumpur
,,,,39,22.07,115.44,0.15,5.85,5.23,0,0,0,0,Ctrl RM 19,Unfiltered Water,Kuala Lumpur
,,,,40,24.7,99.89,0.97,3.68,4.04,0,0,0,0,Ctrl RM 39,Concentrate,Kuala Lumpur
,,,,41,20.96,114.86,0.7,3.77,5.48,0,0,0,0,Ctrl RM 43,Dosing Station,Kuala Lumpur
,,,,42,21.49,103.7,0.54,4.99,4.83,0,0,0,0,Ctrl RM 11,Mixing Tank,Kuala Lumpur
,,,,43,24.38,87.79,0.4,1.83,3.6,0,0,0,0,Ctrl RM 44,Phosphoric Acid,Kuala Lumpur
,,,,44,22.31,99.64,0.19,4.3,4.47,0,0,0,0,Ctrl RM 24,Treated Water,Kuala Lumpur
,,,,45,20.57,110.63,0.81,5.19,5.38,0,0,0,0,Ctrl RM 41,Chlorine,Kuala Lumpur
,,,,46,23.16,110.37,0.21,5.23,4.76,0,0,0,0,Ctrl RM 44,Sterilization,Kuala Lumpur
,,,,47,25.14,95.37,0.96,2.46,3.79,0,0,0,0,Ctrl RM 34,Phosphoric Acid,Kuala Lumpur
,,,,48,23.56,89.1,0.24,3.52,3.78,0,0,0,0,Ctrl RM 45,Phosphoric Acid,Kuala Lumpur
,,,,49,23.89,110.22,0.36,2.4,4.61,0,0,0,0,Ctrl RM 34,Particulate Remover,Kuala Lumpur
,,,,50,22.08,106.31,0.78,2.49,4.81,0,0,0,0,Ctrl RM 18,Treated Water,Kuala Lumpur
,,,,51,24.21,107.17,0.85,2.54,4.43,0,0,0,0,Ctrl RM 39,Treated Water,Kuala Lumpur
,,,,1,22.2,120.1,1.02,3.43,4.9,0,0,8015,8009,Ctrl RM 12,Batch Tank,Xi'an
,,,,2,21.25,105.38,1.04,2.4,4,0,0,0,0,Ctrl RM 2,Concentrate,Xi'an
,,,,3,24.5,107.79,0.19,6,4.4,0,0,0,0,Ctrl RM 35,Carbon filter,Xi'an
,,,,4,22.92,121.12,0.57,5.4,5.28,0,0,0,0,Ctrl RM 15,Treated Water,Xi'an
,,,,5,21.13,105.42,1.1,3.48,4.99,0,0,0,0,Ctrl RM 7,Batch Tank,Xi'an
,,,,6,25.11,111.85,0.87,4.76,4.45,0,0,0,0,Ctrl RM 18,Flavour,Xi'an
,,,,7,23.39,107.2,0.77,6,4.58,0,0,0,0,Ctrl RM 35,Sugar Syrup,Xi'an
,,,,8,22.81,83.4,0.3,5.96,3.66,0,0,0,0,Ctrl RM 40,Sterilization,Xi'an
,,,,9,21.36,111.6,0.94,2.11,5.22,0,0,0,0,Ctrl RM 5,Batch Tank,Xi'an
,,,,10,23.61,84.88,0.89,5.89,3.6,0,0,0,0,Ctrl RM 21,Treated Water,Xi'an
,,,,11,22.53,107.12,0.39,1.18,4.75,0,0,0,0,Ctrl RM 22,Sterilization,Xi'an
,,,,12,21.08,86.99,1.02,1.99,4.13,0,0,0,0,Ctrl RM 31,Treated Water,Xi'an
,,,,13,24.46,199,0.79,2.33,4.3,0,0,8017,0,Ctrl RM 3,Chlorine,Xi'an
,,,,14,21.81,81.56,1.1,4.87,3.74,0,0,0,0,Ctrl RM 3,Batch Tank,Xi'an
,,,,15,24.36,109.75,0.98,3.37,4.51,0,0,0,0,Ctrl RM 12,Phosphoric Acid,Xi'an
,,,,16,22.2,96.55,0.01,5.01,4.35,0,0,0,0,Ctrl RM 2,Concentrate,Xi'an
,,,,17,21.18,121.02,0.92,7,5.71,0,8029,0,0,Ctrl RM 38,Treated Water,Xi'an
,,,,18,23.73,97.45,0.83,4.07,4.11,0,0,0,0,Ctrl RM 3,Batch Tank,Xi'an
,,,,19,23.12,119.64,0.64,5.71,5.18,0,0,0,0,Ctrl RM 35,Phosphoric Acid,Xi'an
,,,,20,22.63,102.84,0.36,4.15,4.54,0,0,0,0,Ctrl RM 32,Treated Water,Xi'an
,,,,21,20.59,115.38,0.8,5.81,5.6,0,0,0,0,Ctrl RM 6,Sugar Syrup,Xi'an
,,,,22,22.29,86.01,0.42,5.69,3.86,0,0,0,0,Ctrl RM 15,Batch Tank,Xi'an
,,,,23,20.98,107.84,0.6,1.14,5.14,0,0,0,0,Ctrl RM 13,Dosing Station,Xi'an
,,,,24,25.56,111.07,0.3,5.07,4.35,0,0,0,0,Ctrl RM 30,Flavour,Xi'an
,,,,25,24.6,92.48,0.32,2.55,3.76,0,0,0,0,Ctrl RM 7,Particulate Remover,Xi'an
,,,,26,21.39,93.89,0.41,2.61,4.39,0,0,0,0,Ctrl RM 45,Treated Water,Xi'an
,,,,27,25.11,95.21,0.43,4.13,3.79,0,0,0,0,Ctrl RM 4,Treated Water,Xi'an
,,,,28,23.79,85.87,0.12,1.69,3.61,0,0,0,0,Ctrl RM 2,Carbon filter,Xi'an
,,,,29,21.52,101.83,0.63,2.7,4.12,0,0,0,8011,Ctrl RM 18,Flavour,Xi'an
,,,,30,22.1,84.18,0.99,1.64,3.23,0,0,0,0,Ctrl RM 26,Carbonator,Xi'an
,,,,31,20.36,91.22,0.45,3.44,4.48,0,0,0,0,Ctrl RM 10,Carbon filter,Xi'an
,,,,32,24.73,107.12,0.08,1.17,4.33,0,0,0,0,Ctrl RM 30,Treated Water,Xi'an
,,,,33,24.23,83.62,0.85,1.49,3.45,0,0,0,0,Ctrl RM 27,Treated Water,Xi'an
,,,,34,21.14,108.64,0.17,1.63,5.14,0,0,0,0,Ctrl RM 9,Treated Water,Xi'an
,,,,35,25.92,93.81,0.75,2.39,3.62,0,0,0,0,Ctrl RM 10,Phosphoric Acid,Xi'an
,,,,36,21.8,111.15,0.76,3.46,5.1,0,0,0,0,Ctrl RM 26,Batch Tank,Xi'an
,,,,37,20.93,120.75,0.46,2.83,5.77,0,0,0,0,Ctrl RM 38,Phosphoric Acid,Xi'an
,,,,38,25.7,104.29,0.08,4.06,4.06,0,0,0,0,Ctrl RM 27,Sugar Syrup,Xi'an
,,,,39,22.07,115.44,0.15,5.85,5.23,0,0,0,0,Ctrl RM 37,Sterilization,Xi'an
,,,,40,24.7,99.89,0.97,3.68,4.04,0,0,0,0,Ctrl RM 13,Batch Tank,Xi'an
,,,,41,20.96,114.86,0.7,3.77,5.48,0,0,0,0,Ctrl RM 44,Batch Tank,Xi'an
,,,,42,21.49,103.7,0.54,4.99,4.83,0,0,0,0,Ctrl RM 16,Chlorine,Xi'an
,,,,43,24.38,87.79,0.4,1.83,3.6,0,0,0,0,Ctrl RM 7,Treated Water,Xi'an
,,,,44,22.31,99.64,0.19,4.3,4.47,0,0,0,0,Ctrl RM 3,Batch Tank,Xi'an
,,,,45,20.57,110.63,0.81,5.19,5.38,0,0,0,0,Ctrl RM 3,Phosphoric Acid,Xi'an
,,,,46,23.16,110.37,0.21,5.23,4.76,0,0,0,0,Ctrl RM 8,Chlorine,Xi'an
,,,,47,25.14,95.37,0.96,2.46,3.79,0,0,0,0,Ctrl RM 30,Concentrate,Xi'an
,,,,1,22.2,120.1,1.02,3.43,4.9,0,0,8015,8009,Ctrl RM 22,Concentrate,Hong Kong
,,,,2,21.25,105.38,1.04,2.4,4,0,0,0,0,Ctrl RM 40,Sugar Syrup,Hong Kong
,,,,3,24.5,107.79,0.19,6,4.4,0,0,0,0,Ctrl RM 28,Treated Water,Hong Kong
,,,,4,22.92,121.12,0.57,5.4,5.28,0,0,0,0,Ctrl RM 19,Unfiltered Water,Hong Kong
,,,,5,21.13,105.42,1.1,3.48,4.99,0,0,0,0,Ctrl RM 39,Concentrate,Hong Kong
,,,,6,25.11,111.85,0.87,4.76,4.45,0,0,0,0,Ctrl RM 43,Dosing Station,Hong Kong
,,,,7,23.39,107.2,0.77,6,4.58,0,0,0,0,Ctrl RM 11,Mixing Tank,Hong Kong
,,,,8,22.81,83.4,0.3,5.96,3.66,0,0,0,0,Ctrl RM 44,Phosphoric Acid,Hong Kong
,,,,9,21.36,111.6,0.94,2.11,5.22,0,0,0,0,Ctrl RM 24,Treated Water,Hong Kong
,,,,10,23.61,84.88,0.89,5.89,3.6,0,0,0,0,Ctrl RM 41,Chlorine,Hong Kong
,,,,11,22.53,107.12,0.39,1.18,4.75,0,0,0,0,Ctrl RM 44,Sterilization,Hong Kong
,,,,12,21.08,86.99,1.02,1.99,4.13,0,0,0,0,Ctrl RM 34,Phosphoric Acid,Hong Kong
,,,,13,24.46,199,0.79,2.33,4.3,0,0,8017,0,Ctrl RM 45,Phosphoric Acid,Hong Kong
,,,,14,21.81,81.56,1.1,4.87,3.74,0,0,0,0,Ctrl RM 34,Particulate Remover,Hong Kong
,,,,15,24.36,109.75,0.98,3.37,4.51,0,0,0,0,Ctrl RM 18,Treated Water,Hong Kong
,,,,16,22.2,96.55,0.01,5.01,4.35,0,0,0,0,Ctrl RM 39,Treated Water,Hong Kong
,,,,17,21.18,121.02,0.92,7,5.71,0,8029,0,0,Ctrl RM 23,Sugar Syrup,Hong Kong
,,,,18,23.73,97.45,0.83,4.07,4.11,0,0,0,0,Ctrl RM 12,Batch Tank,Hong Kong
,,,,19,23.12,119.64,0.64,5.71,5.18,0,0,0,0,Ctrl RM 2,Concentrate,Hong Kong
,,,,20,22.63,102.84,0.36,4.15,4.54,0,0,0,0,Ctrl RM 35,Carbon filter,Hong Kong
,,,,21,20.59,115.38,0.8,5.81,5.6,0,0,0,0,Ctrl RM 15,Treated Water,Hong Kong
,,,,22,22.29,86.01,0.42,5.69,3.86,0,0,0,0,Ctrl RM 7,Batch Tank,Hong Kong
,,,,23,20.98,107.84,0.6,1.14,5.14,0,0,0,0,Ctrl RM 18,Flavour,Hong Kong
,,,,24,25.56,111.07,0.3,5.07,4.35,0,0,0,0,Ctrl RM 35,Sugar Syrup,Hong Kong
,,,,25,24.6,92.48,0.32,2.55,3.76,0,0,0,0,Ctrl RM 40,Sterilization,Hong Kong
,,,,26,21.39,93.89,0.41,2.61,4.39,0,0,0,0,Ctrl RM 5,Batch Tank,Hong Kong
,,,,27,25.11,95.21,0.43,4.13,3.79,0,0,0,0,Ctrl RM 21,Treated Water,Hong Kong
,,,,28,23.79,85.87,0.12,1.69,3.61,0,0,0,0,Ctrl RM 22,Sterilization,Hong Kong
,,,,29,21.52,101.83,0.63,2.7,4.12,0,0,0,8011,Ctrl RM 31,Treated Water,Hong Kong
,,,,30,22.1,84.18,0.99,1.64,3.23,0,0,0,0,Ctrl RM 3,Chlorine,Hong Kong
,,,,31,20.36,91.22,0.45,3.44,4.48,0,0,0,0,Ctrl RM 3,Batch Tank,Hong Kong
,,,,32,24.73,107.12,0.08,1.17,4.33,0,0,0,0,Ctrl RM 12,Phosphoric Acid,Hong Kong
,,,,33,24.23,83.62,0.85,1.49,3.45,0,0,0,0,Ctrl RM 2,Concentrate,Hong Kong
,,,,34,21.14,108.64,0.17,1.63,5.14,0,0,0,0,Ctrl RM 38,Treated Water,Hong Kong
,,,,35,25.92,93.81,0.75,2.39,3.62,0,0,0,0,Ctrl RM 3,Batch Tank,Hong Kong
,,,,36,21.8,111.15,0.76,3.46,5.1,0,0,0,0,Ctrl RM 35,Phosphoric Acid,Hong Kong
,,,,37,20.93,120.75,0.46,2.83,5.77,0,0,0,0,Ctrl RM 32,Treated Water,Hong Kong
,,,,38,25.7,104.29,0.08,4.06,4.06,0,0,0,0,Ctrl RM 6,Sugar Syrup,Hong Kong
,,,,39,22.07,115.44,0.15,5.85,5.23,0,0,0,0,Ctrl RM 15,Batch Tank,Hong Kong
,,,,40,24.7,99.89,0.97,3.68,4.04,0,0,0,0,Ctrl RM 13,Dosing Station,Hong Kong
,,,,41,20.96,114.86,0.7,3.77,5.48,0,0,0,0,Ctrl RM 30,Flavour,Hong Kong
,,,,42,21.49,103.7,0.54,4.99,4.83,0,0,0,0,Ctrl RM 7,Particulate Remover,Hong Kong
,,,,43,24.38,87.79,0.4,1.83,3.6,0,0,0,0,Ctrl RM 45,Treated Water,Hong Kong
,,,,44,22.31,99.64,0.19,4.3,4.47,0,0,0,0,Ctrl RM 4,Treated Water,Hong Kong
,,,,45,20.57,110.63,0.81,5.19,5.38,0,0,0,0,Ctrl RM 2,Carbon filter,Hong Kong
,,,,46,23.16,110.37,0.21,5.23,4.76,0,0,0,0,Ctrl RM 18,Flavour,Hong Kong
,,,,47,25.14,95.37,0.96,2.46,3.79,0,0,0,0,Ctrl RM 26,Carbonator,Hong Kong
,,,,48,23.16,110.37,0.21,5.23,4.76,0,0,0,0,Ctrl RM 10,Carbon filter,Hong Kong
