Name,sym,DividendYield_TTM,Profile,MarketCap,EnterpriseValue,PE_Ratio_TTM,ForwardPE,PEG_Ratio,PriceSales_TTM,PriceBook_MRQ,Revenue_TTM,RevenuePerShare_TTM,GrossProfit_TTM,EBITDA_TTM,NetIncome_TTM,DilutedEPS_TTM,QuarterlyEarningsGrowth_YOY,TotalCash,TotalCashPerShare_MRQ,TotalDebt_MRQ,TotalDebtEquity_MRQ,CurrentRatio_MRQ,BookValuePerShare_MRQ,OperatingCashFlow_TTM,LeveredCashFlow_TTM,PriceTarget_1Yr,NoOfAnalysts_currQ,AvgEstimateEPS_currQ,LowEstimateEPS_currQ,HighEstimateEPS_currQ,YearAgoEPS_currQ,UpEPSRev_last30days,LowerEPSRev_last30days,AnalystConsensus,AnalystScore_1_sBUY_to_5_sSELL,CEO,Sector,Industry,Employees
The Coca Cola Company,KO,0.032,"The Coca-Cola Company, a beverage company, manufactures and distributes various nonalcoholic beverages worldwide. The company provides water, enhanced water, and sports drinks; juices; juice, dairy, and plant?based beverages; teas and coffees; and energy drinks. It also offers concentrates, syrups, beverage bases, source waters, and powders/minerals, as well as fountain syrups to fountain retailers, such as restaurants and convenience stores. The company sells its products primarily under the Coca-Cola, Diet Coke/Coca-Cola Light, Coca-Cola Zero Sugar, Fanta, Sprite, Minute Maid, Georgia, Powerade, Del Valle, Schweppes, Aquarius, Minute Maid Pulpy, Dasani, Simply, Glacéau Vitaminwater, Gold Peak, FUZE TEA, Glacéau Smartwater, Ice Dew, I LOHAS, and Ayataka brand names. The Coca-Cola Company offers its beverage products through a network of company-owned or controlled bottling and distribution operators, as well as through independent bottling partners, distributors, wholesalers, and retailers. The company was founded in 1886 and is headquartered in Atlanta, Georgia.",196530000000.00,220000000000.00,137.53,20.54,3.06,5.79,10.04,33920000000.00,7.95,22150000000.00,10910000000.00,1260000000.00,0.34,0.16,21370000000.00,5.02,48990000000.00,226.64,1.21,4.60,7000000000.00,3430000000.00,50.57,20.00,0.55,0.53,0.60,0.50,4.00,10.00,Buy,2.3,Mr. James Robert B. Quincey,Consumer Defensive,Beverages - Soft Drinks,61800
Facebook,FB,n/a,"Facebook, Inc. provides various products to connect and share through mobile devices, personal computers, and other surfaces worldwide. Its products include Facebook Website and mobile application that enables people to connect, share, discover, and communicate with each other on mobile devices and personal computers; Instagram, a community for sharing visual stories through photos, videos, and direct messages; Messenger, a messaging application to communicate with other people, groups, and businesses across various platforms and devices; and WhatsApp, a mobile messaging application. The company also offers Oculus virtual reality technology and content platform, which allows people to enter an immersive and an interactive environment to train, learn, play games, consume content, and connect with others. As of December 31, 2017, it had approximately 1.40 billion daily active users. Facebook, Inc. was founded in 2004 and is headquartered in Menlo Park, California.",506240000000.00,549000000000.00,28.95,20.53,1.13,11.35,6.54,44590000000.00,15.35,35200000000.00,25630000000.00,17850000000.00,6.04,0.63,43960000000.00,15.19,n/a,n/a,9.91,26.75,27020000000.00,13120000000.00,212.35,36.00,1.53,1.29,2.18,1.59,1.00,3.00,Strong Buy,1.8,Mr. Mark Elliot Zuckerberg,Technology,Internet Content & Information,27742
Microsoft,MFST,0.017,"Microsoft Corporation develops, licenses, and supports software products, services, and devices worldwide. The company's Productivity and Business Processes segment offers Office 365 commercial products and services for businesses, including Office, Exchange, SharePoint, Skype for Business, and related Client Access Licenses (CALs); Office 365 consumer services, such as Skype, Outlook.com, and OneDrive; Dynamics business solutions, such as financial management, enterprise resource planning, customer relationship management, supply chain management, and analytics applications for small and mid-size businesses, large organizations, and divisions of enterprises; and LinkedIn online professional network. Its Intelligent Cloud segment licenses server products and cloud services, such as Microsoft SQL Server, Windows Server, Visual Studio, System Center, and related CALs, as well as Azure, a cloud platform; and enterprise services, such as Premier Support and Microsoft Consulting that assist in developing, deploying, and managing Microsoft server and desktop solutions, as well as providing training and certification to developers and IT professionals on Microsoft products. The company's More Personal Computing segment comprises Windows OEM, volume, and other non-volume licensing of the Windows operating system; patent licensing, Windows Internet of Things, MSN display advertising, and Windows Phone licensing system; devices, including Microsoft Surface, phones, and PC accessories; and search advertising, including Bing and Bing Ads. It also provides gaming platforms, including Xbox hardware, Xbox Live, video games, and third-party video games. The company markets and distributes its products through original equipment manufacturers, distributors, and resellers, as well as through online and Microsoft retail stores. It has a strategic partnership with CNH Industrial N.V. and BlackBerry Limited. The company was founded in 1975 and is headquartered in Redmond, Washington.",827320000000.00,739000000000.00,72.81,21.93,2.03,8.34,10.45,99260000000.00,12.88,55690000000.00,35080000000.00,11480000000.00,1.48,0.35,132270000000.00,17.22,88620000000.00,111.84,3.40,10.30,43470000000.00,14920000000.00,121.82,28.00,0.96,0.93,1.04,0.84,25.00,1.00,Strong Buy,1.7,Mr. Satya Nadella,Technology,Software - Infrastructure,124000
Johnson & Johnson,JNJ,0.029,"Johnson & Johnson, together with its subsidiaries, researches and develops, manufactures, and sells various products in the health care field worldwide. Its Consumer segment offers baby care products under the JOHNSON'S brand; oral care products under the LISTERINE brand; beauty products under the AVEENO, CLEAN & CLEAR, DABAO, JOHNSON'S Adult, LE PETITE MARSEILLAIS, NEUTROGENA, RoC, and OGX brands; over-the-counter medicines, including acetaminophen products under the TYLENOL brand; cold, flu, and allergy products under the SUDAFED brand; allergy products under the BENADRYL and ZYRTEC brands; ibuprofen products under the MOTRIN IB brand; and acid reflux products under the PEPCID brand. This segment also provides women's health products, such as sanitary pads under the STAYFREE and CAREFREE brands, and tampons under the o.b. brand; wound care products comprising adhesive bandages under the BAND-AID brand and first aid products under the NEOSPORIN brand. The company's Pharmaceutical segment offers various products in the areas of immunology, infectious diseases and vaccines, neuroscience, oncology, cardiovascular and metabolic, and pulmonary hypertension diseases. Its Medical Devices segment provides orthopedic products; general surgery, biosurgical, endomechanical, and energy products; electrophysiology products to treat cardiovascular disease; sterilization and disinfection products to reduce surgical infection; diabetes care products that include blood glucose monitoring; and vision care products, such as disposable contact lenses and ophthalmic products related to cataract and laser refractive surgery. The company markets its products to general public, retail outlets and distributors, wholesalers, hospitals, and health care professionals for prescription use, as well as for use in the professional fields by physicians, nurses, hospitals, eye care professionals, and clinics. Johnson & Johnson was founded in 1885 and is based in New Brunswick, New Jersey.",352830000000.00,355000000000.00,291.04,15.35,2.08,4.48,5.58,78690000000.00,29.30,51680000000.00,26370000000.00,1240000000.00,0.45,-0.01,15200000000.00,5.67,32550000000.00,51.45,1.58,23.58,21750000000.00,16970000000.00,143.20,13.00,2.03,1.97,2.09,1.90,4.00,0.00,Buy,2.3,Mr. Alex Gorsky,Healthcare,Drug Manufacturers - Major,134000
Exxon,XOM,0.040,"Exxon Mobil Corporation explores for and produces crude oil and natural gas in the United States, Canada/Other Americas, Europe, Africa, Asia, and Australia/Oceania. It operates through Upstream, Downstream, and Chemical segments. The company also manufactures petroleum products; manufactures and markets commodity petrochemicals, including olefins, aromatics, polyethylene, and polypropylene plastics, as well as various specialty products; and transports and sells crude oil, natural gas, and petroleum products. As of December 31, 2017, it had approximately 25,827 net operated wells with proved reserves of 21.2 billion oil-equivalent barrels. The company has collaboration agreements with MagnaBond, LLC to develop technologies that enhances evaluation of well cementing, casing, and tubing. Exxon Mobil Corporation was founded in 1870 and is headquartered in Irving, Texas.",346840000000.00,387000000000.00,17.18,14.98,0.72,1.40,1.84,248390000000.00,58.20,78290000000.00,34990000000.00,20350000000.00,4.77,0.16,4120000000.00,0.97,40620000000.00,20.84,0.80,44.45,30410000000.00,12950000000.00,89.50,14.00,1.37,1.20,1.58,0.93,6.00,1.00,Buy,2.7,Mr. Darren W. Woods,Energy, Oil & Gas Integrated,69600
Bank of America,BAC,0.035,"Bank of America Corporation, through its subsidiaries, provides banking and financial products and services for individual consumers, small- and middle-market businesses, institutional investors, large corporations, and governments worldwide. It operates through four segments: Consumer Banking, Global Wealth & Investment Management (GWIM), Global Banking, and Global Markets. The Consumer Banking segment offers traditional and money market savings accounts, CDs and IRAs, noninterest- and interest-bearing checking accounts, and investment accounts and products; and credit and debit cards, residential mortgages, and home equity loans, as well as direct and indirect loans, such as automotive, recreational vehicle, and consumer personal loans. This segment provides its products and services through approximately 4,500 financial centers; 16,000 ATMs; call centers; and digital banking platforms. The GWIM segment offers investment management, brokerage, banking, and trust and retirement products; and wealth management solutions targeted to high net worth and ultra high net worth clients, as well as customized solutions to meet clients' wealth structuring, investment management, and trust and banking needs, including specialty asset management services. The Global Banking segment provides lending products and services, including commercial loans, leases, commitment facilities, trade finance, and real estate and asset-based lending; treasury solutions, such as treasury management, foreign exchange, and short-term investing options; working capital management solutions; and debt and equity underwriting and distribution, and merger-related and other advisory services. The Global Markets segment offers market-making, financing, securities clearing, settlement, and custody services, as well as risk management, foreign exchange, fixed-income, and mortgage-related products. Bank of America Corporation was founded in 1874 and is based in Charlotte, North Carolina.",310990000000.00,234000000000.00,18.02,10.71,1.35,3.67,1.31,84830000000.00,8.27,83960000000.00,n/a,18270000000.00,1.72,0.04,579080000000.00,55.06,n/a,n/a,n/a,23.74,63750000000.00,n/a,34.54,23.00,0.64,0.60,0.67,0.48,5.00,1.00,Buy,2,Mr. Brian Thomas Moynihan,Financial Services,Banks - Global,208000
JPMorgan & Chase,JPM,0.022,"JPMorgan Chase & Co. operates as a financial services company worldwide. It operates through four segments: Consumer & Community Banking, Corporate & Investment Bank, Commercial Banking, and Asset & Wealth Management. The Consumer & Community Banking segment offers deposit and investment products and services to consumers; lending, deposit, and cash management and payment solutions to small businesses; residential mortgages and home equity loans; and credit cards, payment processing services, auto loans and leases. The Corporate & Investment Bank segment provides investment banking products and services, including advising on corporate strategy and structure, and capital-raising in equity and debt markets, as well as loan origination and syndication; treasury services, such as cash management and liquidity solutions; and cash securities and derivative instruments, risk management solutions, prime brokerage, and research. This segment also offers securities services, including custody, fund accounting and administration, and securities lending products for asset managers, insurance companies, and public and private investment funds. The Commercial Banking segment offers financial solutions, including lending, treasury, investment banking, and asset management to corporations, municipalities, financial institutions, and nonprofit entities, as well as financing to real estate investors and owners. The Asset & Wealth Management segment provides investment and wealth management services across various asset classes, such as equities, fixed income, alternatives, and money market funds; multi-asset investment management services; retirement services; and brokerage and banking services comprising trusts, estates, loans, mortgages, and deposits. JPMorgan Chase & Co. was founded in 1799 and is headquartered in New York, New York.",394410000000.00,-136000000000.00,16.73,11.86,1.34,4.07,1.74,96810000000.00,27.53,93690000000.00,n/a,24830000000.00,7.02,0.35,1070000000000.00,315.71,584710000000.00,n/a,n/a,67.60,-15050000000.00,n/a,121.90,21.00,2.29,2.20,2.40,1.76,14.00,0.00,Buy,2.2,Mr. James Dimon,Financial Services,Banks - Global,253707
The Goldman Sachs Group Inc,GS,0.014,"The Goldman Sachs Group, Inc. operates as an investment banking, securities, and investment management company worldwide. It operates through four segments: Investment Banking, Institutional Client Services, Investing & Lending, and Investment Management. The Investment Banking segment provides financial advisory services, including strategic advisory assignments related to mergers and acquisitions, divestitures, corporate defense activities, restructurings, spin-offs, and risk management; and underwriting services, such as debt and equity underwriting of public offerings and private placements of various securities and other financial instruments, as well as derivative transactions with public and private sector clients. The Institutional Client Services segment is involved in client execution activities related to making markets in cash and derivative instruments for interest rate products, credit products, mortgages, currencies, commodities, and equities; and provision of securities services comprising financing, securities lending, and other prime brokerage services, as well as markets in and clears client transactions on primary stock, options, and futures exchanges. The Investing & Lending segment invests in and originates longer-term loans to provide financing to clients; and makes investments in debt securities and loans, public and private equity securities, and infrastructure and real estate entities, as well as provides unsecured and secured loans to retail clients through its digital platforms. The Investment Management segment offers investment management products and services; and wealth advisory services consisting of portfolio management, financial planning and counseling, and brokerage and other transaction services. The company serves corporations, financial institutions, governments, and individuals. The Goldman Sachs Group, Inc. was founded in 1869 and is headquartered in New York, New York.",90120000000.00,-229000000000.00,22.55,9.40,0.30,2.64,1.24,34080000000.00,86.12,28640000000.00,n/a,4240000000.00,10.58,0.26,766410000000.00,2029.12,448470000000.00,532.58,1.80,191.62,-15320000000.00,n/a,276.18,20.00,5.54,4.83,6.69,5.02,16.00,1.00,Buy,2.3,Mr. Lloyd C. Blankfein,Financial Services,Capital Markets,37300
Alphabet Inc,GOOG,n/a,"Alphabet Inc., through its subsidiaries, provides online advertising services in the United States and internationally. The company offers performance and brand advertising services. It operates through Google and Other Bets segments. The Google segment includes principal Internet products, such as Ads, Android, Chrome, Commerce, Google Cloud, Google Maps, Google Play, Hardware, Search, and YouTube, as well as technical infrastructure and newer efforts, including Virtual Reality. This segment also offers digital content, enterprise cloud services, and hardware products, as well as other miscellaneous products and services. The Other Bets segment includes businesses, such as Access, Calico, CapitalG, GV, Nest, Verily, Waymo, and X, as well as fiber Internet and Television services. Alphabet Inc. was founded in 1998 and is headquartered in Mountain View, California.",849500000000.00,704000000000.00,51.73,25.47,1.71,7.25,5.28,117250000000.00,169.02,65270000000.00,36710000000.00,16640000000.00,23.62,0.73,102820000000.00,148.13,5300000000.00,3.30,4.87,231.42,39180000000.00,20080000000.00,1323.00,32.00,10.42,9.24,11.90,9.57,18.00,13.00,Strong Buy,1.8,Mr. Lawrence Edward Page,Technology,Internet Content & Information,85050
Apple Inc,AAPL,0.016,"Apple Inc. designs, manufactures, and markets mobile communication and media devices, and personal computers to consumers, and small and mid-sized businesses; and education, enterprise, and government customers worldwide. The company also sells related software, services, accessories, networking solutions, and third-party digital content and applications. It offers iPhone, a line of smartphones; iPad, a line of multi-purpose tablets; and Mac, a line of desktop and portable personal computers, as well as operating systems comprising iOS, macOS, watchOS, and tvOS. The company also provides iWork, an integrated productivity suite that helps users create, present, and publish documents, presentations, and spreadsheets; and other application software, such as Final Cut Pro, Logic Pro X, and FileMaker Pro. In addition, it offers Apple TV that connects to consumers' TV and enables them to access digital content directly for streaming high definition video, playing music and games, and viewing photos; Apple Watch, a personal electronic device; and iPod touch, a flash memory-based digital music and media player. Further, the company sells Apple-branded and third-party accessories, such as headphones, displays, storage devices, Beats products, and other connectivity and computing products and supplies. Additionally, it offers iCloud, a cloud service that stores music, photos, contacts, calendars, mail, documents, and others; AppleCare, which offers support options for its customers; and Apple Pay, a cashless payment service. The company sells and delivers digital content and applications through the iTunes Store, App Store, Mac App Store, TV App Store, iBooks Store, and Apple Music. It also sells its products through its retail and online stores, and direct sales force, as well as through third-party cellular network carriers, wholesalers, retailers, and value-added resellers. Apple Inc. was founded in 1977 and is headquartered in Cupertino, California.",932300000000.00,958000000000.00,18.35,14.26,1.30,3.77,7.39,247420000000.00,48.32,88190000000.00,76380000000.00,53320000000.00,10.34,0.25,87490000000.00,17.89,121840000000.00,96.03,1.46,25.67,67220000000.00,43840000000.00,203.22,31.00,2.18,2.10,2.28,1.67,4.00,1.00,Buy,2,Mr. Timothy D. Cook,Technology,Consumer Electronics,100000
Visa,V,0.006,"Visa Inc. operates as a payments technology company worldwide. The company facilitates commerce through the transfer of value and information among consumers, merchants, financial institutions, businesses, strategic partners, and government entities. It operates VisaNet, a processing network that enables authorization, clearing, and settlement of payment transactions; and offers fraud protection for account holders and assured payment for merchants. The company also offers gateway services for merchants to accept, process, and reconcile payments; manage fraud; and safeguard payment security online, as well as processing services for participating issuers of visa debit, prepaid, and ATM payment products. In addition, it provides digital products, including Visa Checkout that offers consumers an expedited, and secure payment experience for online transactions; and Visa Direct, a push payment product platform, that allows businesses, governments, and consumers to use the Visa network to transfer funds from an originating account to another via a debit, prepaid, or credit card number, as well as Visa token service that replaces the card account numbers from the transaction with a token. Further the company offers corporate (travel) and purchasing card products, as well as value-added services. It provides its services under the Visa, Visa Electron, Interlink, V PAY, and PLUS brands. Visa Inc. was incorporated in 2007 and is headquartered in San Francisco, California.",283910000000.00,317000000000.00,34.65,25.80,1.62,14.67,10.73,19360000000.00,8.52,17740000000.00,13190000000.00,9000000000.00,3.94,5.06,11720000000.00,5.23,16620000000.00,48.75,1.94,12.77,11890000000.00,9660000000.00,157.06,34.00,1.20,1.14,1.25,0.90,7.00,1.00,Strong Buy,1.8,Mr. Alfred Francis Kelly Jr.,Financial Services,Credit Services,n/a
Wells Fargo & Company,WFC,0.028,"Wells Fargo & Company, a diversified financial services company, provides retail, commercial, and corporate banking services to individuals, businesses, and institutions. The company's Community Banking segment offers checking and savings accounts; credit and debit cards; and automobile, student, mortgage, home equity, and small business loans. Its Wholesale Banking segment offers commercial loans and lines of credit, letters of credit, asset-based lending, equipment leasing, international trade facilities, trade financing, collection, foreign exchange, treasury management, merchant payment processing, institutional fixed-income sales, commodity and equity risk management, corporate trust fiduciary and agency, and investment banking services, as well as online/electronic products. This segment also provides construction, and land acquisition and development loans; secured and unsecured lines of credit; interim financing arrangements; rehabilitation loans; affordable housing loans and letters of credit; loans for securitization; and real estate and mortgage brokerage services. The company's Wealth and Investment Management segment offers financial planning, private banking, credit, and investment management and fiduciary services, as well as retirement and trust services. It serves clients through approximately 8,300 locations and 13,000 ATMs; online and mobile banking; and offices in 42 countries. Wells Fargo & Company was founded in 1852 and is headquartered in San Francisco, California",283720000000.00,237000000000.00,14.52,11.27,1.40,3.30,1.57,86080000000.00,17.45,85860000000.00,n/a,20050000000.00,4.03,-0.09,372600000000.00,76.46,n/a,n/a,n/a,37.20,20810000000.00,n/a,61.83,25.00,1.18,1.11,1.29,0.84,8.00,0.00,Buy,2.5,Mr. Timothy J. Sloan,Financial Services,Banks - Global,265700
United Health,UNH,0.014,"UnitedHealth Group Incorporated operates as a diversified health care company in the United States. It operates through four segments: UnitedHealthcare, OptumHealth, OptumInsight, and OptumRx. The UnitedHealthcare segment offers consumer-oriented health benefit plans and services for national employers, public sector employers, mid-sized employers, small businesses, and individuals; health care coverage, and health and well-being services to individuals age 50 and older, addressing their needs for preventive and acute health care services, as well as services dealing with chronic disease and other specialized issues for older individuals; and Medicaid plans, Children's Health Insurance Program, and health care programs; and health and dental benefits. The OptumHealth segment provides access to networks of care provider specialists, health management services, care delivery, consumer engagement, and financial services. This segment serves individuals through programs offered by employers, payers, government entities, and directly with the care delivery systems. The OptumInsight segment offers software and information products, advisory consulting arrangements, and services outsourcing contracts to hospital systems, physicians, health plans, governments, life sciences companies, and other organizations. The OptumRx segment provides pharmacy care services and programs, including retail network contracting, home delivery and specialty pharmacy, and purchasing and clinical, as well as develops programs in areas, such as step therapy, formulary management, drug adherence, and disease/drug therapy management. UnitedHealth Group Incorporated was founded in 1974 and is based in Minnetonka, Minnesota.",244990000000.00,255000000000.00,22.45,17.72,1.31,1.18,5.16,207620000000.00,214.71,47010000000.00,17590000000.00,11220000000.00,11.35,0.31,22040000000.00,22.94,25580000000.00,68.53,0.67,49.43,15510000000.00,15310000000.00,283.70,21.00,3.29,3.20,3.35,2.66,5.00,1.00,Strong Buy,1.5,Mr. Stephen J. Hemsley,Healthcare,Health Care Plans,285000
Chevron Corp,CVX,0.036,"Chevron Corporation, through its subsidiaries, engages in integrated energy, chemicals, and petroleum operations worldwide. The company operates in two segments, Upstream and Downstream. The Upstream segment is involved in the exploration, development, and production of crude oil and natural gas; processing, liquefaction, transportation, and regasification associated with liquefied natural gas; transportation of crude oil through pipelines; and transportation, storage, and marketing of natural gas, as well as operates a gas-to-liquids plant. The Downstream segment engages in refining crude oil into petroleum products; marketing crude oil and refined products; transporting crude oil and refined products through pipeline, marine vessel, motor equipment, and rail car; and manufacturing and marketing commodity petrochemicals, and fuel and lubricant additives, as well as plastics for industrial uses. It is also involved in the cash management and debt financing activities; insurance operations; real estate activities; and technology businesses. The company was formerly known as ChevronTexaco Corporation and changed its name to Chevron Corporation in 2005. Chevron Corporation was founded in 1879 and is headquartered in San Ramon, California.",244260000000.00,274000000000.00,23.91,14.76,0.28,1.83,1.62,133610000000.00,70.80,39470000000.00,24120000000.00,10150000000.00,5.34,0.36,6500000000.00,3.40,39740000000.00,26.22,1.04,78.68,21780000000.00,8270000000.00,146.79,14.00,2.24,1.85,2.78,0.85,6.00,0.00,Buy,2,Mr. Michael K. Wirth,Energy,Oil & Gas Integrated,51900
The Home Depot,HD,0.021,"improvement products, lawn and garden products, and décor products, as well as provide installation, home maintenance, and professional service programs to do-it-yourself and professional customers. The company also offers installation programs that include flooring, cabinets, countertops, water heaters, and sheds; and professional installation in various categories sold through its in-home sales programs, such as roofing, siding, windows, cabinet refacing, furnaces, and central air systems, as well as acts as a contractor to provide installation services to its do-it-for-me customers through third-party installers. In addition, it provides tool and equipment rental services. The company primarily serves home owners; and professional renovators/remodelers, general contractors, handymen, property managers, building service contractors, and specialty tradesmen, such as installers. It also sells its products through online. As of January 28, 2018, the company operated 2,284 stores, including 1,980 in the United States, including the Commonwealth of Puerto Rico, and the territories of the U.S. Virgin Islands and Guam; 182 in Canada; and 122 in Mexico. The Home Depot, Inc. was founded in 1978 and is based in Atlanta, Georgia.",226760000000.00,247000000000.00,25.53,19.31,1.39,2.22,134.45,101960000000.00,87.41,34460000000.00,16800000000.00,9020000000.00,7.70,0.19,3600000000.00,3.12,25790000000.00,15289.93,1.17,1.46,11450000000.00,8310000000.00,212.03,30.00,2.84,2.76,2.91,2.25,2.00,1.00,Strong Buy,1.9,Mr. Craig A. Menear,Consumer Cyclical,Home Improvement Stores,400000
AT&T,T,0.061,"AT&T Inc. provides communications and digital entertainment services. The company operates through four segments: Business Solutions, Entertainment Group, Consumer Mobility, and International. The Business Solutions segment offers wireless services, strategic services, legacy voice, data services, wireless equipment, and other services to multinational companies, governmental and wholesale customers, and individual subscribers. The Entertainment Group segment provides video entertainment and audio programming channels to approximately 25 million subscribers; broadband and Internet services to 13.5 million residential subscribers; local and long-distance voice services to residential customers, as well as DSL Internet access; and voice services provided over IP-based technology. The Consumer Mobility segment offers postpaid and prepaid wireless voice and data communications services to consumers, and wireless wholesale and resale subscribers; consulting, advertising, and application and co-location services; and sells a variety of handsets, wirelessly enabled computers, and personal computer wireless data cards through company-owned stores, agents, or third-party retail stores, as well as accessories, such as carrying cases, hands-free devices, and other items. The International segment offers digital television services, including local and international digital video entertainment and audio programming under the DIRECTV and SKY brands throughout Latin America. This segment offers postpaid and prepaid wireless services in Mexico to approximately 15 million subscribers under the AT&T and Unefon brands; and sells a range of handsets. The company was formerly known as SBC Communications Inc. and changed its name to AT&T Inc. in November 2005. AT&T Inc. was founded in 1983 and is based in Dallas, Texas",232720000000.00,316000000000.00,6.46,8.83,1.43,1.46,1.35,159220000000.00,25.84,83170000000.00,45010000000.00,30640000000.00,4.95,0.34,48870000000.00,7.96,168830000000.00,111.39,1.11,23.74,39130000000.00,18030000000.00,35.91,19.00,0.95,0.92,1.00,0.74,17.00,0.00,Buy,2.6,Mr. Randall L. Stephenson,Communication Services,Telecom Services,249240
Pfizer,PFE,0.037,"Pfizer Inc. discovers, develops, manufactures, and sells healthcare products worldwide. It operates in two segments, Pfizer Innovative Health (IH) and Pfizer Essential Health (EH). The IH segment focuses on the development and commercialization of medicines and vaccines, and consumer healthcare products in various therapeutic areas, including internal medicine, vaccines, oncology, inflammation and immunology, and rare diseases, as well as consumer healthcare, such as over-the-counter brands comprising dietary supplements, pain management, gastrointestinal, and respiratory and personal care. This segment offers products primarily under the Prevnar 13/Prevenar 13, Xeljanz, Eliquis, Lyrica, Enbrel, Ibrance, Xtandi, Advil, and Centrum brands. The EH segment offers products that would lose or have lost marketing patent protection; branded generic products; generic sterile injectable products; biosimilars; and anti-infectives. It provides products under the Lipitor, Premarin family, Norvasc, Lyrica, Celebrex, Viagra, Inflectra/Remsima, Pristiq, Zyvox, Vfend, Revatio, Inspra, Medrol, Sulperazon, Fragmin, Tygacil, Nivestim, and Retacrit brand names. This segment also engages in the research and development, as well as contract manufacturing activities. Pfizer Inc. has collaboration and/or co-promotion agreements with Bristol-Myers Squibb Company for the development of Eliquis; Astellas Pharma US, Inc. for developing Xtandi; Merck KGaA for the development of Bavencio; and Neofluidics, LLC to develop a microfluidics-based platform. It serves wholesalers, retailers, hospitals, clinics, government agencies, pharmacies, and individual provider offices, as well as centers for disease control and prevention. Pfizer Inc. was founded in 1849 and is headquartered in New York, New York.",226110000000.00,247000000000.00,10.73,12.59,1.96,4.29,3.22,52670000000.00,8.84,41960000000.00,21290000000.00,21750000000.00,3.59,0.14,11470000000.00,1.96,41270000000.00,58.50,1.27,11.99,16870000000.00,12370000000.00,39.80,14.00,0.74,0.72,0.77,0.67,2.00,1.00,Buy,2.6,Mr. Ian C. Read,Healthcare,Drug Manufacturers - Major,90200
Intel,INTC,0.023,"Intel Corporation designs, manufactures, and sells computer, networking, data storage, and communication platforms worldwide. The company operates through Client Computing Group, Data Center Group, Internet of Things Group, Non-Volatile Memory Solutions Group, Programmable Solutions Group, and All Other segments. Its platforms are used in notebooks, desktops, and wireless and wired connectivity products; enterprise, cloud, and communication infrastructure market segments; and retail, automotive, industrial, and various other embedded applications. The company offers microprocessors, and system-on-chip and multichip packaging products. It also provides NAND flash memory products primarily used in solid-state drives; and programmable semiconductors and related products for communications, data center, industrial, military, and automotive markets. In addition, the company develops computer vision and machine learning, data analysis, localization, and mapping for advanced driver assistance systems and autonomous driving. It serves original equipment manufacturers, original design manufacturers, industrial and communication equipment manufacturers, and cloud service providers. The company was founded in 1968 and is based in Santa Clara, California",221160000000.00,254000000000.00,20.58,11.19,1.13,3.45,3.15,64030000000.00,13.66,39120000000.00,27510000000.00,11090000000.00,2.31,0.50,16200000000.00,3.48,28610000000.00,40.78,1.59,15.06,24500000000.00,11860000000.00,57.00,32.00,1.14,1.02,1.16,1.01,30.00,0.00,Buy,2.5,Mr. Andy D. Bryant,Technology,Semiconductors,103700
Verizon,VZ,0.047,"Verizon Communications Inc., through its subsidiaries, offers communications, information, and entertainment products and services to consumers, businesses, and governmental agencies worldwide. The company's Wireless segment provides wireless voice and data services; Internet access on various notebook computers and tablets; multimedia, business-focused, and location-based services, as well as international travel services; and network access services to deliver various Internet of Things products and services. This segment also provides wireless devices, including smartphones and basic phones, wearables, and tablets and other Internet access devices. As of December 31, 2017, it had 116.3 million retail connections. Its Wireline segment offers traditional circuit-based network products and services; networking solutions, comprising private Internet protocol (IP), Ethernet, and software-defined wide area network, as well as cyber security services; local exchange, regional, long distance, and toll-free calling services; voice messaging and conferencing services; and workforce productivity and customer contact center solutions, as well as residential fixed connectivity solutions, including Internet, TV, and voice services under the Fios brand name. This segment also provides premises equipment, as well as installation, maintenance, and site services; data, voice, local dial tone, and broadband services primarily to local, long distance, and wireless carriers; voice and networking products, Fios services, IP networking, voice solutions, security, and managed information technology services for small and medium businesses, state and local governments, and educational institutions; and security and managed network services. The company was formerly known as Bell Atlantic Corporation and changed its name to Verizon Communications Inc. in June 2000. Verizon Communications Inc. was founded in 1983 and is headquartered in New York, New York.",218730000000.00,328000000000.00,6.94,11.19,1.91,1.71,4.31,127990000000.00,31.30,75650000000.00,47940000000.00,31200000000.00,7.63,0.32,1920000000.00,0.47,119930000000.00,229.11,0.98,12.29,30580000000.00,9810000000.00,56.35,25.00,1.19,1.09,1.23,0.98,9.00,10.00,Buy,2.4,Mr. Lowell C. McAdam,Communication Services,Telecom Services,154700
Proctor & Gamble,PG,0.006,"The Procter & Gamble Company provides branded consumer packaged goods to consumers in the United States, Canada, Puerto Rico, Europe, the Asia Pacific, Greater China, Latin America, India, the Middle East, and Africa. The company's Beauty segment offers hair care products, including conditioners, shampoos, styling aids, and treatments; and skin and personal care products, such as antiperspirant and deodorant, personal cleansing, and skin care products. It markets its products under Head & Shoulders, Pantene, Rejoice, Olay, Old Spice, Safeguard, and SK-II brands. The company's Grooming segment provides shave care products comprising female and male blades and razors, pre- and post-shave products, and other shave care products; and appliances that include electric razors and epilators under the Braun, Fusion, Gillette, Mach3, Prestobarba, and Venus brands. Its Health Care segment offers toothbrushes, toothpastes, and other oral care products; and gastrointestinal, rapid diagnostics, respiratory, vitamin/mineral/supplement, and other personal health care products under the Crest, Oral-B, Prilosec, and Vicks brands. The company's Fabric & Home Care segment provides fabric enhancers, laundry additives, and laundry detergents; and air care, dish care, P&G professional, and surface care products under the Ariel, Downy, Gain, Tide, Cascade, Dawn, Febreze, Mr. Clean, and Swiffer brands. Its Baby, Feminine & Family Care segment offers baby wipes, diapers, and pants; adult incontinence and feminine care products; and paper towels, tissues, and toilet paper under the Luvs, Pampers, Always, Tampax, Bounty, and Charmin brands. The company sells its products through mass merchandisers, grocery stores, membership club stores, drug stores, department stores, distributors, baby stores, specialty beauty stores, e-commerce, high-frequency stores, and pharmacies. The Procter & Gamble Company was founded in 1837 and is based in Cincinnati, Ohio.",202050000000.00,219000000000.00,21.34,18.31,3.24,3.04,3.79,66410000000.00,26.13,33120000000.00,18030000000.00,9810000000.00,3.77,0.00,15530000000.00,6.18,35300000000.00,64.24,0.91,21.21,14360000000.00,10350000000.00,81.38,19.00,0.90,0.86,0.93,0.85,1.00,0.00,Buy,2.7,Mr. David S. Taylor,Consumer Defensive,Household & Personal Products,95000
